Can you tell me the cooking time for pan frying a steak?	0
I'm thinking about visiting a zoo in the future, but have concerns about the ethical treatment of the animals. Have zoos changed much, to be safer and more comfortable for animals overall?	0
What is the strategic oil reserve? | Can it be used to lower the price of gas in the USA? | That makes sense. I hope we get some reduction in gas prices soon.	0
I find myself feeling tired during the day, and I feel like I'm not getting enough sleep at night. Can you help me find ways to get more sleep?	0
How much meat should my kids eat a day?	0
Hi, I'd like to make myself a whiskey sour. Can you give me a recipe for mixing it?	0
My best friend is getting married and I am her maid of honor. I have to write a speech about her and I would like it to be witty. Can you help? | Great. Here are some things about her: She is funny and has a great sense of humor. She and John have been a couple for roughly 20 years. She volunteers at a food kitchen. She is a secretary for a law firm. We have been friends for 23 years. | Please do.	0
What does top fan mean on Facebook? | What does top fan mean though?	0
I am thinking about going back to school to get my law degree, what should I be thinking about.	0
What's the difference between a brown bear and a black bear? | Are there any other differences, such as size or temperament? | Brown bears are much larger than 400 pounds and black bears are larger than 250 pounds as well. Also, brown bears are much more aggressive than black bears, which is why there are many more attacks on humans from brown bears than black.	0
What should I say if my kids ask if the tooth fairy is real? | Okay, and what if I have some older kids and some younger ones? | What? That is confusing.	0
How can I give up cigarettes? | okay, tell me	0
When is the best time to visit Alaska? | What is there to do there?	0
Can you help me bake a cake for my boyfriend's birthday? I need ideas as to what flavour I should pick. | Sure! What would you reccommend?	0
I want to make pumpkin bread. Perhaps you can help me? | Can we look together so that we can decide which recipe to use?	0
Find David Spade movies	0
I would like to know some useful facts about Stephan Hawking. | When was he born? | What are some of his discoveries?	0
How can I get better at resisting cravings for food? | What are some foods that can make me feel full for longer?	0
What are the fundamental principles of quantum mechanics? | When did I say that quantum mechanics is the study of matter and energy? | I recall stating that physics is the study of matter and energy, but I wouldn’t use that definition as a starting point for a discussion of quantum mechanics.	0
How can I restore my wood floors and make them look like new? | The finish. I want to make the hardwood floors shine again.	0
I'm planning on starting to run for exercise. What are some good warm up stretches that I can do? | I would just be for exercise.	0
What are some good gifts for a huge baseball fan? | Those are some excellent ideas! I'm thinking a rare baseball jersey and something autographed, too | I can probably purchase a signed baseball card, yes! Good idea	0
How do I play darts and what are the rules? | How many darts do you throw when its your turn? | I think the game of darts I am thinking of has 3 darts and you count down from 300 or some other number.	0
what are some dishes i can make with mango? | I want to learn how to make it but i just need names of dishes for now	0
I'm travelling to Norway and need to learn to say some food words. Can you help? | Oh okay, thanks. How would I say "fish"? | Great. What are the words for "cheese" and "sandwich"?	0
My history project is on Richard The Lion Heart. I need help. | I think he was in the third crusade. Is that correct?	0
Can you tell me what are some things I can use acetone for? | Okay, so how would I use it in cleaning? | Well, I would be using acetone more like nail polish acetone.	0
I am looking to get a divorce and would like to know how to set things in motion. Can you help? | Should I speak to a lawyer before I decide anything?	0
Are there professional basketball teams in other countries besides the USA? | Could you name just a few? | Oh. So there is pro basketball all over.	0
What is the best app for listening to music? | I just want an app that has a good selection of music.	0
How can I get rid of termites?	0
what are some other games i might like if i like tennis? | okay i want to know sports | what is racquetball?	0
How can I make my own fried chicken? | I have a little time. Can we start with tips on how to bread the chicken before frying? | What kind of ingredients and spices go into the coating of the chicken?	0
I got a moving violation recently for speeding. Can you guide me through the process of paying a speeding ticket in Arlington, VA? | Well I was pulled over yesterday for speeding and the officer gave me a summons. He said I just had to pay it but I'm not sure how I would go about that. | Yes online would be best	0
Search for a blueberry coffee cake recipe	0
I like to host guests at my home from time to time, and I am gathering recipes of different dishes and drinks to keep things interesting. I am interested in trying some Tunisian dishes. Can you give me a recipe Rouz Jerbi?	0
How can I prevent clothing from shrinking when I wash it?	0
What is an amended tax return? | Can you file it yourself if you think you made a mistake?	0
What are some of the best forms of exercise for the body? | Okay. Does martial arts give you a full body workout?	0
How can I sew a quilt? | Can you tell me about how to do it? | Okay, please continue.	0
I want to grow asparagus and know that it needs two years before it produces anything edible but want to know what steps I can take to prevent it from dying in the winter or from bugs? | Could you find any more tips for me?	0
I'm trying to make corn tortillas. I have never done it before. Can you help me?	0
I want to scale Mount Everest. What steps should I take to prepare myself? | Aerobic exercise is definitely a good idea. I think I want to do it within the next year. What types of exercise should I do? | Okay, thank you! Is there any other type of exercise besides jogging you would recommend I do to prepare?	0
Hello, I am trying to find a movie theater in Bay Ridge New York. Can you help?	0
I'm thinking about getting a rabbit as a pet soon, can you go over some general care information?	0
How do I get a child interested in STEM?	0
I am trying to whiten my teeth a bit. Do you know of any ways that I can whiten my teeth at home? | I would rather find a home remedy. Do any foods or chemicals make teeth whiter?	0
I like to host guests at my home from time to time, and I am gathering recipes of different dishes and drinks to keep things interesting. I am interested in trying some Bolivian dishes. Can you give me a recipe for Majadito? | Majadito usually consists of yellow rice with charque (dehydrated meat), accompanied by yucca, fried plantain, and eggs, and has the consistency of a risotto.	0
How can I get my little brother to stop bothering me all the time? | I recently started dating and when my boyfriend is here he's always spying on us and bugging us, and he likes to bother me by repeating everything I say.	0
What are some interesting things I can add to a grilled cheese sandwich? | Sounds great. Anything else?	0
What is the best time of the year to plant new orchids? | What season would you recommend planting them then? | Wouldn't the ground be frozen in late winter?	0
How do you do a slam dunk in basketball? | Definitely. Can you describe the process? | Not the details I was looking for but you're technically correct.	0
Is drinking coffee every day bad for my teeth? If so, what can I do to prevent problems?	0
How do you use a fire extinguisher?	0
How do I become a more positive person? | I would describe a positive person as someone who always looks at the bright side, does not complain about circumstances and is never negative. | I think that I would be happier if I looked at life in a more positive manner.	0
I'm learning about inherited traits versus learned characteristics in dogs. Can you tell me the difference between the two concepts? | So which concept coincides with things hard coded in our genes? | How tall we are definitely comes from genetics. Not sure about the handedness one.	0
What should you write in a letter of resignation? | Sorry to cut you off but I don't have time to read a long sample writing. Please summarize your advice briefly. Remember to stay on topic.	0
What are some good ways to express affection to your spouse? | yeah, pretty much	0
What is the rarest metal on Earth? | Sure!	0
How do I understand the terminology in a court document? | I'm talking about legal documents. | Is there a reference online somewhere?	0
Snoopy was a popular character on the Peanuts cartoon. Snoopy also had a couple characters he played. Can you think of a few? | Joe Cool, is the one I was thinking of. Seems that got copyrighted and sold a lot of products.	0
How long would it take for man to go to Mars on a rocket ship?	0
How can I keep better track of time?	0
How do people make money on Youtube? | So there are several ways then. That is quite interesting.	0
Are there any cats that are less likely to cause me allergies? | Okay, please do.	0
What is the gift of the magi?	0
Can you explain how ventriloquists talk without opening their mouths?	0
I keep seeing politicians going on TV and just flat out lying about things. Why can't we pass a law that makes lying like this illegal? | Also we should hold the media accountable to when they discuss public policy. | A lot of public servants would have a hard time if they were held accountable to the words they speak.	0
Do you have tips on how to win consistently in rock, paper, scissors? | Not sure what you mean by that. I asked you if you have any advice on how to win more often in rock, paper, scissors, can you answer that?	0
How do you "like" a video on YouTube?	0
what are some hearty recipes for mashed potatoes?	0
Can you give some examples of celebrity chefs in a list format?	0
I love drinking coffee, although it's not always the healthiest thing. I'm curious where the majority of coffee is produced, internationally? | I've actually picked coffee beans in Kona, Hawaii. Seems that most of the locations where coffee can be grown outside, tend to be closer to the equator.	0
We've just moved to the area and I have two children, ages 5 and 7. We don't know anybody in the neighborhood or even in the town really but I need to find a safe, reliable babysitter and I don't know where to begin. | Interesting. Let me take a look ... Hm, babysitter.com does not appear to be a working website. But care.com and sittercity.com look interesting. | I'm just very concerned about the legitimacy of sites like this. Does it seem like these would be a safe way to go?	0
How can I save apple seeds? | There's nothing I need to do to prep the seeds before planting them? | Oh okay. That sounds pretty easy! Thanks for the help!	0
What is the most plausible answer for why ships disappear in the bermuda triangle? | So what is the reason so many people think something supernatural goes on there?	0
Search for sweet potato casserole recipe	0
Hello. Can you explain the difference between APA 6th edition and APA 7th edition? | What is an APA 6 citation?	0
I like to host guests at my home from time to time, and I am gathering recipes of different dishes and drinks to keep things interesting. I am interested in trying some Ugandan dishes. Can you give me a recipe for Kalo? | Kalo is bread made from millet flour.	0
What is menopause?	0
How do I deal with a client who is rude and aggressive? | The client is never polite when he communicates. He demands work that is unpaid. He is impatient. And he makes me uncomfortable. | He isn't quite at the level of harassment, but he sure is offensive. What would harassment look like according the law?	0
Can you tell me which company developed the fighting game Super Smash Bros.?	0
How do you replace a carpet floor with a wood floor?	0
Do you know how to find out if my cell phone insurance plan covers lost phones? | Do you know how to find out what my cell phone insurance plan covers?	0
How can I organize my record collection? | No, I want to organize my physical collection. | No, I was thinking by artist but should I group them and put the albums in alphabetical order?	0
My dog is overweight. What are some easy ways to help it get to a healthier weight? | Those are all good ideas, except the car ride and treadmill! | The dog can ride in the car, but it just won't help it lose weight.	0
How do you know if you have strep throat?	0
How to repel gnats? | What does the balloon do? Drown them? | Oh wow.	0
what are big cats you can find in north america?	0
Why do conservatives want to raise election doubts so they can install a dictator?	0
is it safe to eat grape seeds? | are there any harmful ingredients in grape seeds? | how much cyanide is in a grape seed?	0
Should I let my daughter play with barbie? | I'm not sure, but she wants to play with them. I think they are a bit sexist. | DO you think they are okay to play with?	0
Which small appliances are a must have for the kitchen?	0
What is the minimum wage in Mississippi? | That's so low. How can people afford to live on that? | How can they increase their income	0
What are the steps I need to take to make donuts from scratch? | Can I add different fruits to the mixture?	0
How do I place an ad in a newspaper	0
Do you know any tips and tricks for solving crossword puzzles? | Okay, do you have more?	0
Is it harder to send a women to the moon than it is a man? | Is there any special considerations when sending women into space that we don't have with men?	0
Can you buy specialized car insurance for classic cars? | The link is dead. Do they give special rates and special considerations? | Thanks for the information.	0
Search for a french crepes recipe	0
Is it safe to try to wash a dry clean only dress? | So should I just test a small part of the fabric?	0
What is the process in order to get my dog fixed?	0
Hi, I'd like to whip up some brownies. Can you give me a recipe for that? | Sounds good, but could you give me a version that uses some kind of nuts as well? | Where do I add them, and when?	0
What is the Indy 500?	0
My son has been really sad lately because his pet goldfish died. He is too young to fully understand the concept of death. How do I explain the death of my 7-year-old's goldfish to him? | Is there an easy way to explain it without breaking his heart? | I do care about his feelings, hence the reason I am searching for easier ways to explain such a complex issue to a young child. I don't think telling him the goldfish is resting will really work for me.	0
Can you tell me what kind of plants are good to keep inside the home? | How often does a succulent need to be watered?	0
How should I react if a bear attacks me in the woods? | Yeah I definitely want to avoid the bear if possible. The only way I would defend myself is if I had no other choice.	0
Is a French bulldog a good pet? | Are they a good pet?	0
What clothing can prevent heat loss when working outdoor during winter? | I asked your a question, why don't you answer first? | Okay, what type of clothes should you wear if you work outdoor in winter? Is that better?	0
I need some recommendations on TV shows that are similar to Scrubs, can you provide me some? | I've seen the show The IT Crowd and it's not a medical comedy. I'm looking for recommendations on medical comedy shows.	0
How do I resolve a conflict I'm having with a friend? | We got in an argument. It's over now, but we're still both mad at each other. | It just happened the other day. Just a stupid argument over politics	0
I'm looking to learn a little bit about the Holodomor. Can you tell me what it was?	0
How do I get my adopted child who was in the foster system to trust me?	0
How do I decide between getting a cat or a dog? | I haven't yet.	0
When was the Supermarine Spitfire used? | When was its first flight?	0
Are my neighbors talking behind my back	0
How can I make stonewash jeans? | What is the machine called?	0
Help me find some Mario Nintendo 64 games to play	0
Would you be able to tell me a brief history of the Blues? | Wasn't it more so the late 1800s? | And where in the US did it originate from?	0
Any tips on how to improve energy level in the afternoon? | Can you summarize your main points? | So eat a steady and I assume a balanced diet. Okay, that's fair. What else can you think of?	0
I'm looking for a new SUV. Do you have any recommendations? | What about a brand other than Chevy? | Thanks so much!	0
Was the U2 a plane or a submarine?	0
How do I find geodes? | How can I find them? | Okay, any other advice?	0
What are some ideas for a baby shower?	0
Can you help me learn to delete my Myspace account? I don'	0
How do put lights on the roof of my home for Christmas?	0
Can you give me some advice about reducing an allergic reaction to house dust mite? | Yes, a runny nose, sniffly, and sneezing. What's the best thing to do?	0
What are some of Tom Hank's best movies? | What is the plot of Cast Away?	0
what are the pros and cons of marijuana use? | but some common pros and cons would be nice.	0
I heard the song "ring around the Rosie" was about the plague. Is this true? | Can you tell me the lyrics? | O.k. You said it had nothing to do with the plague. I am curious what the meaning of the lyrics? I understand the "r" sound part, but what about the lyrics?	0
Is Austria a good place to take a vacation? | My friend wants to go. She is wondering if it is a good place. What is there to do there? | What do the reviews say please?	0
what can i make with rotisserie chicken from the deli? | And what else? | What kind of sauces do you recommend?	0
Is the Iphone SE a good phone? | Will it work with the newer 5g?	0
How can I get rid of wrinkles on my face? | Both | What creams would you recommend for me?	0
I am trying to find some new bands to listen to. If I enjoy punk rock what bands would you recommend? | Can you tell me more old punk bands like The Clash? | Great. And how about a couple of examples of modern punk bands?	0
I need to do a project for my art class and I want help writing a plan for it. | I have to make an art room with a theme and I need to write a whole plan for it. | I am not sure what the theme will be, but I have to come up with a written plan for the whole project and don't know how.	0
Would a race car driver instructor be a fun career?	0
Can you suggest gifts that a whiskey lover would love? Minus whiskey, though, they have plenty of that. | I'm looking for other than mixers and liquors. None drink stuff.	0
What are believed to be the historical origins of vampire myths? | That's an interesting answer. Can you expound on what you mean a little bit more?	0
What are signs and symptoms that someone is a narcissist? | How can I tell if I have met a narcissist?	0
I'm worried that my son is spending too much time on social media apps on his phone. Can you help me? | I'm concerned with both of those things, that he is getting over-stimulated with information and that his academic performance is being affected. | Yes	0
There are movies about yellowstone erupting and destroying the country. Could this really happen?	0
I would like to start learning the dutch language. Can you give me some advice on where I should begin? | How should I get started trying to learn the dutch language? | Is the dutch language similar to english in any ways?	0
How can I recycle foil? | I just take it into a post office and they'll keep it?	0
What are good toys for a two year old?	0
What is a social media manager? | What are the requirements to be a social media manager? | Do you need a degree or specific certification?	0
I need to make a fruit salad for a friend's picnic. Can you tell me what that is?	0
Can you tell me about Down Syndrome? | Any other symptoms? | What do you mean a gap between the pinky and ring fingers?	0
I'm trying to make my text more clear. Clear like Hemingway would write it. Let me show you an example of what I mean: Before: The cat was chased by the dog. It had no significant idea of th origin of the dog's motivation to hunt it. The cat also thought of itself as innocent. After: The dog chased the cat. The cat, who found itself innocent, didn't know why the dog chased it. Before: It's kind of interesting how computers are stuck in the old hum hum drum drum of the past. Most text editors are still like typewriters, or, at best, those electrical typewriters from the 80ies where you had almost like a throne for writing, drafing on a screen and then printing. | Okay, let's try another example: Before: My first thought was to just replace any calculation with the result. You'd type 3+5 and the system would immediately replace that with 8, with an option to undo, like a spell check. It did feel a bit too intrusive, so the next thing I tried was a bit less in the way. It did feel like an overly eager waiter at a restaurant, who just serves you a Tiramisu because his spy gear picked up the word in a conversation with your date. So what would a better waiter do? They'd stick around, respect your privacy and control, but also make sure to never get too far away from your table, close enough to be able to magically pop up exactly when you need it. | Before: I am not a nattive english speeker so you can imagine how difficul it's is for me to write good english. Hopeful this robot can help me to improve	0
what are some good workout programs | making me more fit	0
How are Swedish meatballs different from Italian meatballs?	0
I am almost halfway through paying off my mortgage and the house opposite mine has come up for sale. Do you think the bank will grant me a second mortgage to buy this home, primarily for a rental property? | There seems to be a lot of conflicting opinions out there on the web. Lenders offering loans at extortionate rates with high penalties for low-income households seems to be the biggest pitfall. If I combine my income with my partners we should be able to afford the down payment and a reasonable repayment scheme. What type of bank would be best to approach for this type of buy-to-rent mortagae? | I'm a UK citizen and looking to purchase a second property exclusively for rental income.	0
How do I prevent dust build up | Whats something that causes dust to build up	0
What is the most successful American actor of all time? | Yeah. WHich one?	0
Is the appendix really 'useless'?	0
What is 5G?	0
I've been taking tramadol for my back pain and I'm concerned I may be developing a habit with pain pills. How can I treat this issue? | Thanks for the writeup about addiction, but that wasn't what I asked. What should I do in the event that I am addicted to tramadol?	0
How can you donate food to help people this Thanksgiving? | Yes what should I do?	0
Who is the leader of China?	0
Who discovered the americas first?	0
How do I get rid of underarm fat?	0
How many years do we have until the earth becomes so over-populated that people won't be allowed to have children?	0
I'm looking for band recommendations that are similar to Saitama Saisyu Heiki. | Which one of these bands would be most similar to Saitama Saisyu Heiki?	0
I want to go to Italy for two weeks next spring. Do you have any information related to tourist attractions? | I want to visit Rome but I can visit the surrounding areas if I have more time. | Yes, please. I would really appreciate it.	0
How do I tell someone they should eat healthier because they have diabetes? | I'm their family member. We have already had a talk a while ago about this but they are not eating healthy so I am tempted to bring it up again. | Okay, I've thought about that before but I need to say something more persuasive.	0
what are some fun jungle animals to teach my kids about? | What kind of cats?	0
What is macular degeneration? | Do you know what damages the blood vessels that supply the retina? | Can an ophthalmologist see the drusen?	0
How can I get bigger muscles without working out? | How will eating more give me muscles | Okay thanks	0
What are kinds of animals that live on the savannah?	0
I'm taking a trip overseas. What are some of the things I need to do to prepare?	0
Hey! My 13 year old just got their period and I need some advice on how to teach her how to use a tampon without it being awkward. | That's great advice! I definitely don't want her to be embarrassed about her body, I want to help educate her and give her confidence and autonomy in her bodily choices. How should I go about explaining to her how to insert a tampon? | That's very detailed! Should I also show her the diagram that comes in the tampon box and walk through it with her?	0
I have to study for history class. Could you help me give an overview of the French Revolution?	0
Can you tell me the regulations regarding size for catching ocean lobster in San Diego?	0
I like to host guests at my home from time to time, and I am gathering recipes of different dishes and drinks to keep things interesting. I am interested in trying some Lativian dishes. Can you give me a recipe for Griķi? | You can give me a brief description of the dish or a recipe. | Okay, Griķi is just boiled buckwheat.	0
How can I make fried trout at home? | That's so weird. I'm sure you made that up. | No. You want me to cook the trout on a plate over a double boiler with a towel over it? That's so strange. It can't be true.	0
How do I butcher a cow? | Great. I will try that. Do you know how much a cow costs?	0
How do I know if I need an inhaler? | Okay, any other advice? | What else can you tell me?	0
What is the most simple way to make your own bread | I want to learn how to make it myself	0
If I like the show South Park, what other shows do you think I would enjoy? | Yes, I also like It's Always Sunny in Philadelphia. | I like the show Mike Tyson Mysteries as well.	0
What are some ways to make a quesadilla? | Sure | Can I use something besides a pan?	0
what is the largest Bear in Alaska	0
I like to host guests at my home from time to time, and I am gathering recipes of different dishes and drinks to keep things interesting. I am interested in trying some Sardinian dishes. Can you give me a recipe for Fregula?	0
What are the advantages and disadvantages of rail travel? | I don't think it requires a lot of money. | oh, that is true.	0
What minerals are at the core of Earth?	0
I'd like to try to make ramen, but I don't really know anything about how. Can you help? | I think I definitely need direction. I don't even know what ingredients I need really.	0
what is a Boston cooler? | what is a Boston cooler drink? | does this always need lemon-lime pop?	0
Can you help me learn a few common phrases in Hungarian?	0
What is a good first car for a teen | Can i ask why?	0
What do I use bear spray for? | How do I use it?	0
How can I keep going when I feel like a failure? | I guess I feel like I am not where I should be yet with my careert | I am currently going for music/songwriting	0
I want to install a media player in my windows 10 computer. Which one is the best? | How much does it cost? | I have Media Player now, but I am not happy with it. I would like to download some different one. Are there any free ones out there?	0
I like to host guests at my home from time to time, and I am gathering recipes of different dishes and drinks to keep things interesting. I am interested in trying some Ugandan dishes. Can you give me a recipe for Sim Sim Cookies?	0
Hades seems to be a dark place indeed. In the old tale, is anyone happy there? | Are you sure about that? Seems that some are trapped and cannot leave. Orpheus tried to get his wife, by example. | Actually, I think Hades had a ruler, that offered him an option, after he played music for him. He must not look back at his wife, and he did because she fell, and disappeared.	0
Can you help me learn a few common Norwegian phrases? | How would I say "Good morning" and "Good night"? | Great! How about "How are you?"	0
What are the advantages and disadvantages of rail travel? | I don't think it requires a lot of money. | oh, that is true.	0
What is a wok?	0
Is there a minimum if you order takeout from McDonald's?	0
What are foods I can cook with bacon grease? | Wow, using it in a baking recipe for crust?! Never heard of that. | That sounds tasty!	0
can you help me make pumpkin roll cake pops? | yeah, I haven't though, so pleasehelp me | That all sounds very over the top for me.	0
What is the best selling candy in the US? | Best selling chocolate? | Gobstoppers aren't made with chocolate!	0
What are some easy to eat breakfasts for kids? | Those sound great.	0
Why can't I get any TV channels with my antennae anymore? | Man. I need to get a new antennae? What if it still doesn't work? | Hmm. I need a new TV too? Dang.	0
Was OJ Simpson guilty or innocent? | Was anybody else arrested for their murders?	0
Can you describe to me what biotic and abiotic factors involve? | Oh that is super easy. Can I say some examples and you tell me if they fall under biotic or abiotic? Just to see if I understand things correctly | Okay water and soil and atmosphere	0
How can I make my jeans fit better in the waist?	0
I just got a new deck of playing cards. What are some card games I can play with a basic deck of cards?	0
How can I be more empathic to my friends?	0
Could you help me figure out how to rob a bank?	0
What vegetables are considered dark, leafy greens? | Great. I've heard that they're healthy. What are their health benefits?	0
What is a good sized tv for a small living room?	0
I am trying to write an essay on Tommy Hearns, the boxer. can you help me with this?	0
How do people get wool from sheep? | Sheep or lambswool is used to make sweaters, socks, etc. How do people get the wool from the sheep to make the clothes?	0
I want to make a nice tablescape for Thanksgiving dinner. What kind of centerpiece should I have? | Yes, I want something Thanksgiving themed. Or autumn themed. Should I have flowers?	0
When did Prince's hit song Purple Rain release? | What album was the song Purple Rain on?	0
What is a nature preserve?	0
Can you change the oil in the car yourself? | Who should I go to then?	0
What is the safest way to travel	0
What is Alcatraz famous for?	0
Does a knee brace help with knee pain?	0
what can i build for my hot wheels collection? | i don't want to build cars. i want to build things for my cars.	0
What are good suggestions for taking your daily supplements, consistently? I forget sometimes. | Those are good thoughts I suppose, by associating it with a snack or daily process. | I thought that perhaps after dinner. Some of them need to be taken on an empty stomach, though.	0
I want to put together a classic Italian dinner. What types of dishes should I include? | Those were all good suggestions. What types of appetizers would be at an Italian dinner? | You mentioned a traditional Italian salad. What would be on this salad?	0
What is the Indy 500? | Who won the first one? | How long on average does it take to complete?	0
Can you tell me any recent movies by the actor Adam Sandler that have grossed over 100 million at the box office?	0
has anyone ever found noah's ark	0
How do I have a successful ebay auction?	0
What should I paint on my mug? | Haha. I like the I can do anything if I drink enough. | Thanks for the suggestions.	0
I'm curious about skin conditions. Can you describe what acne is and what causes it? | Where on the body does it show up? | So what happens exactly, what causes the skin to burst into a pimple?	0
How do you adjust a computer monitor's color temperature? | Do you really know the answer, yes or no? | No, that's not what I was looking for. I want to adjust the color temperature without using the operating system or other external software. Are you aware that you can adjust many built-in setting by pressing a button on the monitor itself?	0
How can I tell if my vision is getting worse? | No, I wanted to try to test my vision on my own without seeing an eye doctor. | I will make an appointment with a doctor if I notice my vision is getting worse.	0
I have been feeling bored lately and want to do some new things. What are some ways that I can make my life more exciting? | Sure, what kind of questions? | I am 35 years old.	0
I'm having car troubles. When I start the car, even if it's been running for a while, the heater doesn't put out any heat. | I do, what could cause the heater not to work?	0
What do you know about critical race theory? Where did it originate? | Is critical race theory taught in colleges, primary school, elementary school, etc? | Where could I go to find an answer to my question, if you don't know?	0
What material should my pans be if I cook a lot of meats? | Okay, like what other materials? | I'm not sure about the first two choices, but definitely the last two	0
What does LTE mean?	0
I'm thinking of getting a stick shift car. However, I do not know how to drive one. Can you help me learn the steps?	0
Who is Mike Pence?	0
I have an old blood stain on my jeans, is there a way to remove it? | I have put them in the washing machine with regular detergent, but the stain hasn't come out. | No, there is no stain removal cycle.	0
My friend gave me a nice bottle of tequila for my birthday, what are some good ways to mix or drink? | okay those sounds like some interesting options. how are these prepared? | what is the main difference between blanco or reposado?	0
I would like to learn more about boxing. Who are some of the best boxers from the 1970s? | What was Riddick Bowe's record?	0
Do you know any good jokes? | You can't tell a joke? | Can I tell you a joke?	0
Do days get shorter in winter? | Thank you for this information.	0
I like to host guests at my home from time to time, and I am gathering recipes of different dishes and drinks to keep things interesting. I am interested in trying some Argentinian dishes. Can you give me a recipe for Bolas de fraile? | Is the translation for a doughnut like dish?	0
What's the best place to visit along the U.S coastline in the winter? I'd like to experience lots of snow, if possible. | Sounds great! Is that kind of like Portland and Vancouver area? | Okay. That sounds like a plan. What's the climate like there in winter?	0
Hi, I just got a new bicycle, and I want to make sure it doesn't get stolen. How can I secure it when I have to leave it outside a business?	0
What are some games I might like if I like Super Mario?	0
How do I keep pipes from freezing in the winter? | How do I insulate the pipes? | What other methods can I use to keep the pipes from freezing?	0
Why are so many stores closed on Sundays? Is it a religious reason? | So then why do so many stores today still remain closed on Sundays? | I didn't know so many people cared about that. Thanks.	0
What can I paint instead of pumpkins for halloween?	0
Did Carly Simon ever share who the real identity was, of the person she sung about, in the song, "You're so Vain" - it was a big mystery. | Oh? I thought perhaps a google search might be good. I think she may have auctioned off the name of the person, for charity. | Are you making that up? I don't remember sending flowers being part of it. You sometimes get creative with facts.	0
The Earth is composed of four main layers. What are they?	0
What advice do you have for going on a blind date? | Hopefully it goes well, but if it doesn't I will tell a friend to call me so that I can get out of the date. | Do you any other advice for having a good blind date? I guess I should go in with low expectations and try to enjoy the moment.	0
I'm looking for resources for good mental health, can you help? | Well, I'm looking for some guidance and resources for good mental health.	0
What is the average price of an Airbnb rental in Atlanta? | Okay. Can you do that? | Airbnb.	0
What is a grimoire?	0
Who wrote the ‘Winnie-the-Pooh’ books? | Why did author Milne choose a bar as the main character of his books?	0
How can I make apple pie?	0
If I'm a US citizen, how can I visit Cuba? | LOL No, I haven't tried to overthrow the Cuban government. I am talking about how the US doesn't allow their citizens to visit Cuba. | I thought Americans could only go if they were with a charity or a religious group or something. Has that changed?	0
Who wrote the Magna Carta?	0
What year did the PlayStation launch in North America? | Was it in the year 1994 or 1995? | Was that the date for Japan or North America	0
How should I stay safe if going to an indoor environment during covid? | Okay but I need to go to the supermarket. | All right, any other advice?	0
How can I become a graphic designer? | Any other advice? | And how do I get jobs?	0
What are some funky socks designs I can buy? | Sure but it would be fun for you to suggest some | Okay, stripes. Anything else?	0
What type of birds were first domesticated?	0
How do I make guacamole? | Guacamole is made from avocados. How do I make it?	0
how do i pluck my eyebrows without hurting? | i'm looking for ways to make it less painful | Hmm, well I want to pluck them. how can i make it less plainful	0
What are some cool Spanish names for kids? | Which is the most popular? | Okay, that sounds good!	0
What are ideas for a going away party?	0
Do you possess recipes for cocktail drinks? | Why is that | Well, you telling me the recipe is a lot faster than reading through a book right now	0
Figure out how to make french toast | I would like to do it for both, | The store I guess.	0
what are some fun sandwiches i can make for kids?	0
How do I sell a house for the cheapest cost for me | I don't want to pay a lot of commission | Can I sell my house without paying commission	0
When was Nike founded? | You were incorrect. Here is what I found online: "January 25, 1964, Eugene, OR" | It paid a lot of money to a basketball player. What is his name?	0
Sophocles was a famous writer, a playwright. Can you tell me about some his writing? | Yes, that is wild play. His work has survived many centuries. What is Oedipus Rex about?	0
How do I make a gluten-free cheesecake? | I want to make a plain cheesecake without flour or yeast. | I want to make a traditional cheesecake but I don't want it to contain wheat flour.	0
Can you provide me with the ingredients from a recipe for alfredo sauce?	0
Can you explain to how to find the area of a rectangle?	0
How can I make a proper fire when out camping? | well I have your basic pieces of wood, lighter, and paper. but I would like advice on the setup for a safe fire. | I am not sure I have never made a fire out in a forested area. This is why I would like some advice.	0
My friends never seem to want to talk or hang out with me. Why do you think this is? | I'm a little sad about it. You can ask me more questions. I've tried to be a good friend to everyone though.	0
Should you exfoliate your skin?	0
How can I grow my hair faster?	0
I’m trying to find a way to sleep better | It’s 1 am and I’m talking to you. I don’t feel tired at all. How can I fall asleep? What are some ways to fall asleep easy and fast and stay asleep	0
What are some cute types of outfits to wear for summer? | I'm open to suggestion. | Sure.	0
How does an academic advisor help you? | So they help by knowing about your field and helping you?	0
Can you tell me the story of The Phantom of the Opera? | Who is Andrew Lloyd Webber? | You said that he wrote the music. Who wrote the play?	0
Do you know how to find out if my cell phone insurance plan covers lost phones?	0
I need to find a well written article about growing carrots	0
how can i show appreciation for my doctor? | what sort of gift? | Oh, I think you're absolutely right.	0
How do I make a Zoom account?	0
I need to write a resume. What is a employer looking for when they look at the resume for employment	0
What is a golddigger?	0
When was deodorant first invented?	0
How were the Pyramids of Giza built when they didn't have any of the kinds of equipment like we have today?	0
Why do some people live in the past	0
I'm trying to find out more information on President Andrew Johnson, can you help? | What was one of President Johnson's major accomplishments as president? | What political party was he apart of when he was President?	0
I heard that corn originated from North America, is that true? | That corn came from the new world. | Corn is such an amazing crop.	0
Why does peanut butter go so well with jam in a sandwich? | Do you think it is because one is sweet and the other is salty?	0
What can you tell me about Noah's Ark? | care to expand upon that? | Thanks	0
How does rinse aid in a dishwasher work? | What happens to the residual foam? | But my dishwasher is in my kitchen not a hotel	0
Do they still make record players? | I still have records that I would like to play. | That would be great.	0
what can i do about itchy eyes? | okay, any other advice? | okay, what if it has nothing to do with my prescription?	0
How can I make my own jigsaw puzzle? | Oh, how about if I don't want to use a printout? | Any other tips?	0
I want to cook a cake. Can you tell me the steps on how to properly fill a pastry bag?	0
What are some tips for learning php? | I just want to learn how to write some basic code in PHP and I know some C#	0
What are the benefits to running barefoot rather than using sneakers?	0
I'm trying to learn how to play chess better. Can you provide me with some strategy books on the game? | I guess I'm looking for the overall strategy. | Yes!	0
Should I use Skype or Zoom for making video calls? | What security and privacy advantages does Zoom have?	0
Can you help me find US states that have a mild climate to live in?	0
I'm planning a trip to Paris for one week. Can you help me? | Where is Louvre? Is it in Paris? | Does it have famous paintings?	0
What should I do for myself after I got a raise? | Okay, any other advice? | That is a nice idea. I might do that.	0
What is the earliest stores open on Black Friday?	0
Can I keep a pig as an indoor pet? | Okay, any other advice? | Can you tell me more about them?	0
Why do cats meow? | I read that cats only meow to humans and not to other cats. Is this true? | I was just wondering based on what I read. It makes sense that cats evolved to communicate with humans by meowing. I'd love to hear more about what you think.	0
How can I improve my negotiation skills? | That helps me get a better idea of the steps I should follow. Do you have any other advice?	0
how do i properly display a flag of a relative who was in the military who died? | in my hosue	0
Why do I see some houses with really steep roofs and some that are almost flat? | That makes sense. So, steep roofs are so the snow falls off quicker?	0
I'm thinking about suing a company because the product they sent me wasn't what was advertised. Where can I look up consumer laws? | It didn't function at all like it was supposed to. It fell apart pretty much right away. And the company refuses to even talk to me about it.	0
What is a good present for a girl who loves unicorns? | I don't remember unicorns being in that book	0
What are the dangers of a child doing gymnastics? | I guess both.	0
What language should I learn that is spoken worldwide? | So Mandarin Chinese is something I should learn?	0
How do I train a dog not to jump on the table?	0
How often should I have my teeth cleaned and examined? | That was what my dentist told me. Thank you. | What is a root canal?	0
How do I start a garden in my backyard? | I want to grow fruits or vegetables. I have a couple of garden beds ready | I have good soil. What vegetables are easy to grow?	0
I'm trying to know more about the Trojan War in Greek mythology. Are you familiar with it? | I read an article about the Greek mythology and am interested to know more about it. | Yes, I would like to learn more about it. Who were fighting and why?	0
I like to host guests at my home from time to time, and I am gathering recipes of different dishes and drinks to keep things interesting. I am interested in trying some Honduran drinks. Can you give me a recipe for Horchata?	0
What are Lady Gaga's best songs?	0
How can I make spaghetti sauce - vegetarian style?	0
I like to host guests at my home from time to time, and I am gathering recipes of different dishes and drinks to keep things interesting. I am interested in trying some Mexican dishes. Can you give me a recipe for Bacon Chilaquiles? | Shouldn't Chilaquiles have some scrambled egg in it? Also, I asked for bacon chilaquiles.	0
What is caffe latte? | According to the information that I just read online, caffe latte is a coffee drink of Italian origin. | The main ingredients are espresso and milk. Some people like to sprinkle chocolate powders or/and cinnamon powder on their latte.	0
Can you tell me what company produced the video game Bloodborne? | Could you tell me what the game is about? | Who was the lead director for the game?	0
I want to know the history of the Constitution. Do you think you can help me? | Who drafted the Consitution?	0
What species of trees tend to live the longest?	0
How do I make a bow out of ribbon? | Yes, how do I make one though? | I am talking about the bigger bows.	0
What are some toys I can buy my kids so they can play supermarket?	0
I like to host guests at my home from time to time, and I am gathering recipes of different dishes and drinks to keep things interesting. I am interested in trying some Sudanese dishes. Can you give me a recipe Goraasa be Dama? | Sure, Goraassa de Dama is a traditional stew in Sudan. The main ingredients to make Dama include beef (cut into smaller pieces) and onions, tomatoes, garlic, bell pepper as well as cardamom, black pepper, and oil.	0
I like to host guests at my home from time to time, and I am gathering recipes of different dishes and drinks to keep things interesting. I am interested in trying some Somali dishes. Can you give me a recipe for Iskudheh Karis? | Actually, Iskudheh Karis translated means chicken pilaf.	0
I want to know how to download python | I am running windows	0
What are spreadsheets used for? | So it is more useful for number data?	0
what are some different kinds of cheese fondue? | Are any of those pungent? I don't want a pungent one. | Okay, so I will try one with swiss cheese. Do I mix anything with it?	0
Hey! I'm struggling to learn how to meal prep. What are some staples that I can make as a beginner? | I have a slow cooker and I love it! So far I only know how to make pulled chicken in it | Wow! That sounds awesome! Are there any sides of snacks or should also be including in my meal prep?	0
Can you give me underwater photography tips? | I dont have a shark. | yeah, the sea or ocean	0
How should I decide if I need lipo?	0
I'm interested in true crime stories, can you give me some information on the Amazon Review Killer?	0
I'm planning a trip to Italy and I'd like to learn some common Italian phrases. | First of all, how do you say "Hello" and "Goodbye"? | Great. What about "Where is a bathroom?"	0
What is beef jerky? | Are there other types of jerky or just beef? | Can I make my own jerky at home?	0
I need some show recommendations that are similar to Breaking Bad.	0
What instrument should I pick up if I want to learn classical music?	0
How do you make maraconi and cheese? | I saw some Macaroni & Cheese recipes online. I prefer your recipe. | Can you copy and paste your recipe here? If you want to send me a link, it will be fine too.	0
I like to host guests at my home from time to time, and I am gathering recipes of different dishes and drinks to keep things interesting. I am interested in trying some Swiss dishes. Can you give me a recipe for Zopf? | Okay, I am ready. | Why are you concerned with my location?	0
How do you sign up for a free email? | What features does it have?	0
What are the best music streaming services? | Do they all have free memberships? | Which ones have the largest music libraries?	0
I want to buy a dog for my family but I have very young kids. Are certain breeds known to be better with kids? | Is there a medium sized breed that is known to be laid back and affectionate?	0
Is drinking coffee every day bad for my teeth? If so, what can I do to prevent problems? | What kind fo mouthwash? Should it have flouride? Listerine?	0
How do I cry less when I get emotional?	0
What is interstitial cystitis? | Is it very painful? | Do they need to urinate a lot?	0
what are some places to visit in Kuala Lumpur? | No, that's fine. Is there an admission fee? | I looked it up and it's not that expensive.	0
Octopuses are such strange creatures. I hear they can change colors. How would that be possible?	0
what are some fun games for a family field day? | what is ultimate frisbee? | i was thinking more like sack races.	0
I just put a new battery in my car last month and its already dead. What could be wrong? | No, batteries are supposed to last much longer than 6 months. Definitely more than a month.	0
My neighbors have a really bright outdoor light that shines in my window all night. It makes it hard to sleep.	0
How should I feed a goldfish? | What foods do they like? | Can I get this at a pet store?	0
Find Alexandra Paul movies	0
What's the origin of the phrase "to get ones goat"? | I don't think this is true. Can you give me another explanation? | That's still wrong. You get one more try. Why don't you start over and not refer to cowboys?	0
Can you name the books in the The Chronicles of Narnia series? | You forgot "The Magician's Nephew". | No problem. See you.	0
Do you think you can help me with some questions about taking care of a stray cat? | I just found a stray cat and was wondering what I should do to take care of it.	0
I'm taking a trip to Paris and would like to learn a few common French phrases. | Very helpful! Thank you! Speaking of which, how do I say "Thank you" in French? | Great! What about "Where is a bathroom?"	0
What are the best virtual reality headsets for gaming?	0
Which items should I have to be prepared for a power outage?	0
Why is Chernobyl still radioactive? Will anyone ever be able to live there again? | How is it possible to remove the radiation? | So why hasn't the government tried to do this already?	0
Can you tell me about the controversy surrounding video game microtransactions?	0
What is a good songbird to buy? | Tell me more about it. | Where can I get one?	0
I'm an adult and wetting the bed. Help! | Anything else it might be?	0
What is a good alternative to a burger side besides fries? | that's a good idea. anything else?	0
How can I learn to swim? | How can I learn to swim fast | Any books you can reccomend?	0
Is a rabbit a good pet?	0
How can I teach my child to share with others? | I could definitely do that. Do you have any other suggestions?	0
Why did he stop talking to me | He dumped me when his family said I was too old for him | You mean his family should not have influenced him that much	0
How do I become an exercise instructor? | I love fitness and want to help others become healthy. | I know they are certified personal trainers.	0
What are some quick meals I can make in the microwave? | Any other advice? I don't want to make frozen entrees. | Okay, thanks.	0
What is the best cell phone service provider? | Are there any other carriers that offer good service? | Yes, please.	0
What are some fun outdoor hobbies that I should try? | I think that hiking will be the easiest for me to do. I don't need to buy any equipment or anything.	0
At what temperature does it usually start to snow outside? | How often does it snow in upstate South Carolina? | Is it likely going to snow this year in South Carolina?	0
Can you tell me what kind of plants are good to keep inside the home? | How often does a succulent need to be watered? | Are there any benefits to keeping succulents in the home?	0
What kind of soup is the best for when you have a cold? | I like chicken noodle soup. What about beef soup? | Do you have a recipe for beef noodle soup?	0
what are some classic jazz artists that I can enjoy? | Okay, who would you recommend? | Any other ideas?	0
How can I make designs on my clothes using bleach?	0
How do I send an encrypted email? | I want to encrypt the actual message. | I just want to make sure someone can't hack me and read my message.	0
How do I get my cat to sit with me? | I try to get my cat to sit but it always runs away. Why do you think that is? | I do try to get her toys but she still runs away. What if I tried introducing some catnip?	0
Why do businesses in my area get cheaper electricity rates than residential customers? | What is the difference?	0
Can you help me make a batch of chocolate chip pancakes? | I only need to make 8-10 pancakes. | That looks like a good list of ingredients. Don't I need baking powder and butter as well?	0
How do I get my son to break up with his toxic girlfriend? | yes | yes	0
What are some benefits to gravel yard instead of grass lawn? | So gravel requires less maintenance? | what kind of maintenance does gravel require?	0
I'm taking a trip to Prague and I want to see the local landmarks and attractions. What would you recommend? | Yes, that would be great! | Perfect. What is the dining or nightlife scene like in Prague?	0
How do you become a contestant on a game show? | How are game show contestants picked? | Where can I get an application for a game show?	0
How do I get rid of belly fat? | Okay, can we do that?	0
What are some funny movies about the paranormal? | Can you just tell me some?	0
What are pros and cons of uniforms in school? | I think those are good points. Are there any others? | Okay, that's pretty much what you said earlier.	0
I like to host guests at my home from time to time, and I am gathering recipes of different dishes and drinks to keep things interesting. I am interested in trying some Bolivian dishes. Can you give me a recipe for Pampaku?	0
How do you jump start a car?	0
Can you give me a good recipe to cook wings in the oven? | chicken wings | I want to bake chicken wings in the oven	0
I'm going to the beach soon, can you give me some fun activities to do? | Snorkeling sounds fun could you give me some more information on that? | What kind of equipment would I need for this activity?	0
How do you make Potatoes au Gratin? | Can you share a recipe with me? | Can you share the steps with me?	0
What are the fundamental principles of quantum mechanics?	0
What are some good side dishes with salmon? | I like the carrots and salad. You have any more ideas?	0
What is the best retirement age?	0
Can you help me write an essay on the Great Gatsby? My thesis is "the American dream is a lie and the Great Gatsby proves it" | How would you expand on my thesis?	0
How do I iron clothes? | To make them neat for work. | Anything else?	0
The Mona Lisa always captivated me. I'd like to know more about the painting. | Who painted it, who was the subject, what was their life like, these things.	0
Any first date conversation topics you can suggest? | I don't want to get too intense but getting to know a little about each other is preferable?	0
I was looking for some different music. What are some tunes from the band Til Tuesday?	0
I like to host guests at my home from time to time, and I am gathering recipes of different dishes and drinks to keep things interesting. I am interested in trying some Filipino dishes. Can you give me a recipe for Cheese Puto? | Puto is a small, round “kakanin” made with glutinous rice. It’s sweet, fluffy, and simply amazing. Puto is most often topped with a few slices of cheddar cheese to add a salty contrast to the sweet treat. This would be a cheese puto.	0
What are some sweet things to mix with cream of wheat? | Anything else?	0
Is there a certain way that firewood should be stacked for storage? | What does it say? | Can I stack them as high as I want or should I limit the height?	0
What is renters insurance? | So if there is a fire then the belongings would be replaced?	0
Who created the Mickey Mouse character? | He is a famous cartoon character.	0
My "friend" spilled red wine all over my new white carpet | I would love that. Do you deliver?	0
How effective is it to learn a foreign language online. I want to be able to speak French. | Please let me know if you find anything useful. I will do the same. | I wonder if I can skype with someone who speaks French. Where can I find such a person? I'm willing to pay for the lessons.	0
how can i encourage my teen to volunteer? | I want my teen to want to help others.	0
Do they make flavors from beaver butts?	0
Can you help me to learn a bit more about the poet Lord Byron? | Yes, that's really all I know. Can you tell me some more? | Was he married?	0
How often should I clean my house?	0
I like to host guests at my home from time to time, and I am gathering recipes of different dishes and drinks to keep things interesting. I am interested in trying some Pakistani dishes. Can you give me a recipe for Chana Pulao? | Wait, I don't have cook anything. I just sit the rice in water for 20 minutes?	0
What are some good historical novels for kids? | Cool...anything else? | What is that about?	0
What are some pros and cons of advancing technology? | Great ideas. What else can you think of?	0
How can I get my little brother to stop bothering me all the time? | I recently started dating and when my boyfriend is here he's always spying on us and bugging us, and he likes to bother me by repeating everything I say. | Of course. Can you imagine talking to someone and all they do is repeat everything you're saying while you're saying it?	0
Are there good ways to make my teeth whiter, besides going to a dentist to get a whitening?	0
When I cook chicken wings, it hardly retains the flavor. Can you help me figure out why that is? | I would say it happens every time I cook, | I stick the chicken wings in the oven, and they're marinated. However, when I eat them, they're hardly flavorful. A slight flavor of the marinade is on the,	0
Do you know the main ingredients for a crunchy dragon sushi roll?	0
What can I do at home to treat my laryngitis?	0
What are the Twelve Days of Christmas? | The birds disappear? I don't remember that part. | Okay. Who are some artists that sing modern versions of the song?	0
What are some good types of toys for kids who love superheroes? | Can you tell me more?	0
what is the elevation of Denver CO? | what is the population of denver? | when was Denver founded?	0
Best way to make home made pizza?	0
Can you help me learn more about the Gulf War?	0
Can you give me a recipe for almond tofu? | Almond tofu, also call Annin tofu, is a jelly like dessert made from apricot kernel milk, agar, and sugar. It's call "tofu" because its appearance resembles tofu. The recipe doesn't actually use tofu.	0
I want to break up with my boyfriend. How can I do that without hurting his feelings?	0
How can I ripen green tomates?	0
Should I rent a storage for my belongings?	0
I'm trying to learn about the salam witch trials | What are some good books to learn about the salam witch trials	0
What is a good age to get married?	0
Can you tell me about bullfrogs? | I heard they don't sleep.	0
How do you make panettone?	0
What are the fastest computers used for these days? | Are they expensive to power on? | Old computers where huge!	0
How do I make Mexican carne asada tacos?	0
How often do I need to let my dog out to go to the bathroom? | Okay, any other advice?	0
Find Shakira songs | Hips Don't Lie and Underneath Your Clothes are both pretty good. | At least one of those songs is by Tina Turner.	0
I’m trying to invest in a virtual coin? | Existing coins please | Yes I want to get paid	0
Psychologically, does believing in a Supreme Being religiously, contribute to better, or worse, mental health? | I hear you there. I think it can be a knife which cuts both ways, for healing, and shaming. | I think we can evaluate many religions like Christianity, Buddhism, historically, and a reflection of culture. The Crusades for example, and their relation to the plagues of the time. These preferences are personal, however the Catholic Church has over 10 billion untaxed, and many have a hard time getting room and board so... it's complicated. Corrupt. And healing too.	0
what should i do if i can't afford going to a doctor?	0
Is accounting a good career choice? | I like numbers and would like to work with stuff like that. | Do you know what the pay is?	0
What are some foods that are good for diabetics? | Okay, any other advice?	0
What is the advance child tax credit? | I don't think that is right. I think it means something else.	0
Is diet soda bad for you? | I didn't know that. Is diet worse than regular soda?	0
How do I know if my child would benefit from summer school? | That's really good advice.	0
What's the difference between rain paints and ski paints? They both seem to be waterproof pants.	0
How do cats make that purring sound?	0
Why shouldn't I exterminate bees? | I don't see anything | How are they in trouble?	0
Who was Alexander Fleming? | What country was he from? | I heard that he accidentally discovered penicillin. Is that true?	0
what are some common freshwater lake fish species? | Which is the tastiest?	0
I'd like to find a show similar to Real Time with Bill Maher. Do you have any recommendations? | Those shows you recommended have nothing to do with politics/punditry. They're just comedy and/or entertainment shows. | Yes, that's exactly right. So you should be suggesting similar political pundit shows.	0
What are some traditional Russian foods?	0
Have you heard or seen American TV series the Hulk? | How about The Incredible Hulk?	0
What time do Black Friday deals start on outdoor outlets like REI and big online retailers like Amazon?	0
Why did they settle on the 4 cylinder engine for most cars manufactured today? | Good gas mileage is cool!	0
I want to become more self aware. Do you know what strategies exist that can aid in becoming self aware? | Sure, I get it. Well, do you have any examples of strategies you can tell me? | Right. So can you list strategies or?	0
I'm going away to college for the first time. How can I meet people and make friends?	0
Can you name some ancient Greek philosophers?	0
Me and my girlfriend will celebrate our anniversary soon and I can't think of what I should do to celebrate it, can you help me? | Nice, do you think surprising her with some gifts will help too? | Nice, I'm thinking eating in a restaurant will be good too right?	0
What are some cakes I can make with fruit? | I am open to suggestion. | Sounds nice. Apples and cheese is intriguing.	0
Explain the different climate zones.	0
What are the least harmful pain relievers to take for headache? | How long can I use it without it hurting my body? | How about the duration though, how many days?	0
How much time do I need to spend outside to get enough vitamin D?	0
Let's pretend I'm lost in a forest, can you give me some survival tips? | Okay, summarize what you know in a bullet points format. Remember to be concise and on topic.	0
How do dogs get heartworm?	0
Do you think you can tell me a bit about dystopian novels? | Do you know what the first example of a dystopian novel was? | Did Orwell write any dystopian novels besides 1984?	0
Should I buy a Chromebook or a Windows computer? | Why would that be?	0
When was The Beatles first tour?	0
What year was Logitech founded? | Who was the founder?	0
How do you defrost a turkey? | I am not sure.	0
How long does it take to create a new breed of dog? | So if I wanted something between a poodle and an Afghan hound for example, would it be 100 years? 200 years? | I don't know what they'd look like, but it was just an example. But if both breeds are say 80% genetically the same, how many generations would it take before all the puppies generally had the same look every time?	0
How do I make a simple omelet? | I think I just whip up the eggs and cook them with cheese and other things inside.	0
What are some gifts to buy from a kid who loves transformers?	0
I like to host guests at my home from time to time, and I am gathering recipes of different dishes and drinks to keep things interesting. I am interested in trying some Nicaraguan drinks. Can you give me a recipe for Chicha de Maíz?	0
Which TV series are similar to The X-Files? | I never heard of The Pretender or Dark Angel. What are they about? | I might watch Dark Angel. It looks interesting and it stars Jessica Alba.	0
how can i bench press more? | I want to be able to bench press more weight. | But how can I increase the weight?	0
What suggestions do you have for improving one's credit score? | What is considered too many credit cards? | So what would a reasonable number be for the average person?	0
What are the main biological differences between men and women? | At what ages of development do these differences start presenting themselves? Are they most present before or after puberty? | I've heard that girls tend to go through puberty earlier than boys, or that their puberty is finished more quickly than boys. Which is true?	0
How do you measure blood pressure at home? | Is this something that you can do on your own without help from another person?	0
What does it mean if I have a heart murmur? | how do i get diagnosed with one? | Okay, what happens then?	0
Who were the characters on Scooby Doo?	0
Please tell me how many cards are there in a deck of Uno? | Yes, please do show me the answer. | A reliable source indicated that the deck consists of 108 cards. Your answer was incorrect.	0
I'm trying to find a list of the most popular christmas songs | the ones that are listened to the most often	0
what ingredients are used to make tequila?	0
What should I include in a thank you note? | What kind of things should I add? I guess I should show gratitude and keep the note short and to the point. | Okay, I will do that.	0
Where's the optimal location to install a weathervane? | Okay, can you explain further? | Yeah, I'm not buying that explanation. I'm pretty sure the direction of the weathervane and being blocked by the sun have nothing to do with how well a weathervane work. I don't think you're a reliable source.	0
Should you open windows during a tornado? | Where should you go? | So inside a closet would be good?	0
I'm going to Russia and need to learn how to say certain points of interest. | Hmmm. I'm not sure. Could you explain it to me? | Okay!	0
I am worried about my privacy online. How can I browse the internet more anonymously?	0
I like to host guests at my home from time to time, and I am gathering recipes of different dishes and drinks to keep things interesting. I am interested in trying some Sardinian dishes. Can you give me a recipe for Pardulas? | Pardulas are small pies are filled with a mix of ricotta, saffron, and lemon.	0
I want to go to Disney World in Florida with my kids this coming December. How is the weather in December? | Are hotels near the park reasonable, in terms of prices? I do not want to pay more than $150 a day.	0
I'm doing some research on Ingo Swann. What do you know about him? | Yes. I would love to learn more. | I might have heard that.	0
I really like pasta, but want to get more protein in my life. How can I make pasta dishes healthier? | Yes, that would be great | Okay. But are there alternatives to traditional pasta? Like pasta made from different ingredients?	0
What safety gears should you wear if you ride a bicycle in low light or low visibility condition?	0
How much sleep should a woman in her 30s be getting every night on average?	0
Have any technological breakthroughs been made in the solar energy field? | I'm interested in any and all breakthroughs	0
I want to get into coffee but I only like sweet drinks! Do you know what I can try? | Is there a certain roast of coffee that is less strong? | A lighter roast makes a coffee taste less strong, right?	0
What song should I pick for karaoke? | I don't want a song by the temptations. I was thinking about songs that are easy to sing and are fun for the crowd.	0
How do you become a life coach? | So you help people do well?	0
Is a diesel engine or gas engine better for a truck? | I was thinking which would be better if I was buying a pickup truck. | So there is good and bad with each one. It is a tough choice.	0
I want to know the history of Broadway theatre. Can you help me? | I am not sure because I have never heard the famous “Great White Way”. Where is Broadway located? | My original question was about Broadway theatre but you did not seem to understand my question.	0
How do you check if uncooked meat has gone bad?	0
How do I save battery on my cell phone? | Can't you give me any general advice? | I think there are some general things any phone owner could do	0
Can cats be taught to walk on a leash? | Really? I've never heard of a cat learning "sit" or "down" | What breed of cat?	0
It seems like people are so divided by politics nowdays, has it always been this bad?	0
I'd like to get a corn snake. Can you tell me about owning one? | How should I set up a tank for the corn snake?	0
What are some good milk chocolate brands?	0
Why are so many stores closed on Sundays? Is it a religious reason?	0
Can you help me find an awd car near me? | Sure go ahead.	0
When was Samsung established? | How much is Samsung worth now? | How many different products do they produce?	0
Are most stores closed on Thanksgiving Day? | What stores stay open on Thanksgiving Day? | Do supermarkets stay open?	0
find a dentist that also does oral surgery in northern michigan | Do you have a name or company that does this | where is this dentist located	0
What does a dermatologist do? | Do they treat rashes or acne? | I did not know they also treated skin cancer. That is good to know. I wonder if it is painful.	0
What are some good brands of adult diapers? | I just want ones with good absorbency.	0
I'm planning on an overseas vacation I'll be taking next year. I don't want to go somewhere super cliche like France or the UK or anything. Are there any smaller countries you think might be worth considering?	0
What is the best college degree to get for someone who wants to go into the medical field but doesn't want to be around blood and fluids every day? | What are some different departments a registered nurse can work in that isn't stressful?	0
I am researching machine learning and need some advice on papers and journals to read on this topic | What do you mean "we humans" ? | You are not human and I am not a computer	0
Can you give me some more information on "the 27 club"? Why are people thought to join this club?	0
How can I make a milkshake without a blender.	0
I want to get better at writing. Can you tell me when I should be using a semicolon in my sentences in general? | I think you're right about when to use semicolons but your example does not seem right. Can you show me another example?	0
What is the best way to clean silver jewelry? | Does this clean it well? | Can you also use this if it has a stone?	0
How do I install a graphics card for my PC? | Not exactly. I know it is one of the slots on my motherboard. | RTX 3070	0
How do I make fried Mexican sushi?	0
I am trying to learn Excel but I am struggling to comprehend all the formulas. Is there a better way of learning this software?	0
I'm joining the military and I've heard a lot about something called BUD/S. What is that? It's some sort of training. | What does it entail?	0
what birthday present can I get for a girl who loves faries? | It is a 5 year old child. | That sounds fun. Anything else?	0
Hi, I just picked up a couple of smoked ham hocks from Walmart, but I don't know how to prepare them. Can you give me a good recipe for smoked ham hocks? | Let's try the German version first. | Okay, that's fine as far as it goes, but what else? How long do I cook them? Do I need to cover them? Do I need to add anything else?	0
I was just given a pet hamster but I don't know how to care for it. Do you have any advice? | What should I feed my hamster? Can it eat carrots? | He seems to have a ton of energy. Do hamster wheels really help?	0
I like to host guests at my home from time to time, and I am gathering recipes of different dishes and drinks to keep things interesting. I am interested in trying some Bolivian dishes. Can you give me a recipe for Chanfaina? | For Chanfaina, the main ingredient here is lamb giblets (liver, heart, and lungs) cut into small pieces and turned into a thick stew. The dish is completed with rice, potatoes, and oca (a sort of sweet potato).	0
I need to find a well written article about growing carrots | Just a helpful article that is factual | Sure!	0
I came down with the flu. How can I ease my symptoms as it runs its course? | I have an upset stomach, the chills, and a low fever.	0
I need help coming up with a topic for a history class project	0
I miss Michael Jackson. He was a good singer and song writer. I am sad that he left this world too early. | Michael Jackson died sometime ago (it was not recent). Yet, I still think of him from time to time. | Many people in this world still sing his song "Thriller".	0
Where is the cheapest place in the world to live? | Can you tell me more about it | Thanks	0
Can you explain how the mitochondria is the powerhouse of the cell?	0
What were the first things man learned to make alcohol out of? | Mead is made out of honey? | I suppose making it out of pure honey would be expensive?	0
My family is renting a lake house for the first time this summer. What are some fun lake activities we can do together? | There are a couple of middle school kids and a couple of adults. What do people do on vacation at a lake? | Those are some good ideas. What can we do indoors on a rainy day?	0
How do I take notes during lectures?	0
Find Erica Elianiak films | Can you find any films that she starred in?	0
How can I find out what types of airbags my vehicle has?	0
How do I teach a child to float on their back?	0
I want to know the origin of bagels and how they were introduced to the United States. | Which immigrants introduced bagels to the United States? | What is the best bagel company?	0
How do I put up a fence in my backyard? | I havent measured it yet. How do I start?	0
I want to dress up as a baseball player for Halloween. What do I need for a costume? | Where can I get that? | Should I carry any props?	0
Hi, I've been drinking every day for a few weeks now, and I'm experiencing withdrawal symptoms when I try to stop. How can I safely detox from alcohol? | Please, I'd be grateful for any help, I really need it.	0
How do I get dried paint off of clothes?	0
I lost my passport any idea on how I can get a new one? | What kind of documents will I need to get a new passport?	0
Hi, I pretty much missed out on the music of the 1970s due to being born in the 1980s. Can you help me put together a playlist of the greatest hits of that era, so that I can know what people liked to listen to then?	0
Are calico cats mean? | Yes, are they nasty to other cats? | What cat breed is the most friendly?	0
How do I make a ball pit? | It is something that contains balls so a baby can play in it	0
I'm trying to decide when the best time to go to Ireland would be. Do you have any idea? | I do want to learn about the different climates in Ireland. I enjoy cooler weather. | Wow thanks for that information!	0
I'm trying to find arguments against smoking. Can you help? | What about smoking being addictive?	0
What factors do you believe contributed to Donald Trump's 2016 presidential victory?	0
What can you tell me about the life of Andy Warhol | what else can you tell me about him?	0
What is an associate degree? | How many years of schooling is it? | Is there a specific area of interest or does it vary?	0
how can i stop from overpacking during a trip? | great idea. anything else? | that will not be possible	0
What's a good way to get grease off a wall without damaging it? | Yes, like on a kitchen wall that gets greasy from butter or oil being fried.	0
What was the name of that story where the character wore a glove filled with vaseline? | I think it was called "Of Mice and Men". Have you heard of it? | That's okay. It is about The Great Depression. Do you know about it?	0
Can you write a poem for my mom about missing her?	0
What is the difference between hardneck and softneck garlic? | What are some ways to use garlic in cooking?	0
How can I keep mosquitoes and other insects from biting without using repellent with chemicals on my skin? | Do I need to surround myself with plants that mosquitoes don't like?	0
Why do females tend to live longer than males? | But why do females live longer? | Bt why do males have a greater risk of developing a serious disease?	0
I like to host guests at my home from time to time, and I am gathering recipes of different dishes and drinks to keep things interesting. I am interested in trying some Ghanaian dishes. Can you give me a recipe for Waakye? | Can you provide a vegan friendly recipe? | I thought Waakye traditionally has beans and rices. Is there any reason why you have excluded the beans from the recipe you provided?	0
What color is the sky? | Okay, but originally what color is it on a sunny day? | Okay, and what does it mean when the sky turns green?	0
How do I fix cracks in the pavement? | It is. | Okay, so what do I do about cracks in it?	0
What is autism? | How is it diagnosed?	0
Is it ok for kids to drink flavored milk? | Why can't you answer?	0
How many times a day should a child brush their teeth?	0
Is having an abortion immoral?	0
What is a rainbow baby? | So the baby has multiple siblings?	0
Why did the USA stop going to the moon in the 70s? | Wow. The space shuttle was a failure? | That is so sad. They spent a lot of money on it.	0
What can I do in Barbados? | That's what I'm asking you. Fun in the sun for one thing	0
Search for Johnny Depp best movies	0
how do i take care of a puppy? | both of those seem the same. i want to take care of my puppy	0
Can you explain how a touchscreen works?	0
Can you recommend some hip hop groups for me that are similar to Living Legends? | Thanks for the suggestion. Do you know any more similar hip hop groups to check out	0
I'm trying to learn how to play chess better. Can you provide me with some strategy books on the game? | I guess I'm looking for the overall strategy. | Yes!	0
I remember the singer Deborah Harry was pretty popular. She had a couple big hits. Maybe we could talk about those. | I remember her being popular, right around the time of Studio 54? Kind of on the tail end of disco. | I'm unsure she had such a drug-induced reputation, although I see that you've repeated that a few times. Can you name any of her songs?	0
How do I cite my sources in an essay?	0
How come coffee is sometimes called 'java'? | But where did the term come from? | But what does the island of Java have to do with coffee?	0
How much water should you drink every day?	0
What is the papparazzi? | Have they ever endangered a celebrity's life? | Have there been any instances where papparazzi chasing someone has caused a traffic death.	0
I'm an adult and wetting the bed. Help! | Anything else it might be? | Every few days.	0
Does a hot tub help with pain? | What about for arthritis? | Thanks for the information.	0
How do you breakup with someone> | I just don't know if my boyfriend cares about me anymore the way that he used to | He just doesn't see me anymore. He seems to be very self-focused and not care about my feelings or how he hurts me constantly	0
I like to host guests at my home from time to time, and I am gathering recipes of different dishes and drinks to keep things interesting. I am interested in trying some Nigerian dishes. Can you give me a recipe for Egusi soup?	0
What are some artists I might enjoy if I like Billy Eilish?	0
What is the Maine state bird?	0
What is jet lag? | What are some ways to deal with jet lag?	0
How can I treat a gallbladder attack? | Yes, that's what I asked.	0
I'm trying to learn more about the Iron Maiden album The Number of the Beast.	0
What is the difference in a town and a city? | So it is basically just the density?	0
save money for a vacation is there sites to help or advice | Great is there like a site where I could get help withthis | How much should I save	0
I would like to build my own meat smoker so I can smoke my own meats at home. Do you have any ideas on how I could do that? | Yes I feel the same way. Do you know how I can do it?	0
I like to host guests at my home from time to time, and I am gathering recipes of different dishes and drinks to keep things interesting. I am interested in trying some Panamaian dishes. Can you give me a recipe for Carne Guisada? | Sure thing, let me know if I can be of any help. | Are all the recipes for a beef stew?	0
How do I change the oil on my car? | A 2002 Honda Accord | Any info would be good. If you think it's too complicated, I guess I can just take it to a shop to have it done	0
Can I keep a cactus indoors?	0
I need to start following a plant based diet. What are some foods that I can eat? | Can you have a healthy diet without meat? | What are good protein sources for a plant based diet?	0
Is mulch good for a garden? | So it is a bad idea then? | Thank you for the information.	0
Can dogs eat fruit?	0
A bacon cheeseburger recipe | Should I add some onions?	0
how do i know if i have a dry cough or a wet cough? | how do i know the difference? i have been coughing a lot | I think they are both tiring. yeah, my voice has changed.	0
Hello, I am trying to figure out how to play guitar in Drop D Tuning. Can you help? | Awesome, Is it just the first string that gets lowered? | I am pretty sure that the 6th string is lowered by a whole step for Drop D tuning. Is that correct?	0
I'm trying to clean my kid's stuffed animals. Can you help? | Yes! My kid has a bunch of them. | Yes. Please	0
A friend told me that I could install Kodi on my Amazon firestick device. Can you teach me how to accomplish this?	0
What is the most scariest animal in the ocean?	0
How do I use coupons? | Right. Any other ideas?	0
What is a normal blood pressure reading?	0
Who has won the most Olympic gold medals of all time?	0
I like to host guests at my home from time to time, and I am gathering recipes of different dishes and drinks to keep things interesting. I am interested in trying some Ukrainian dishes. Can you give me a recipe for Syrniki?	0
comfort a grandparent that has lost their spouse recently.	0
How do I make my hair look more shiny and healthy? | Anything else? | Any dietary choices I can make for healthier hair?	0
I am trying to get stronger leg muscles. What exercises do you recommend? | I think that will work my abs more than my legs | Well, moving on. What are other good exercises for quads, hamstrings, and glutes?	0
I want to learn some self defense moves. How can I do that? | Yes, kind of. I want to know how to fight back if I get attacked. | Well, I want to know how or where I can learn self defense.	0
How can I ripen green tomates? | Sorry, I made a spelling error. I want to ripen green tomatoes. | Do I need to put them in the sun?	0
What year did the PlayStation launch in North America? | Was it in the year 1994 or 1995? | Was that the date for Japan or North America	0
Is an LPN a good career? | How much schooling do you need? | Is the career generally considered rewarding?	0
How much training does it take to get your CDL?	0
What happened to the space shuttle Challenger? Why did it blow up? | Is the launch pad part of the shuttle or is that on the ground somewhere?	0
What do I buy a girl who loves disney princesses? | jasmine | That sounds fun. Anything else?	0
Hi, I'd like to work on my latissimus dorsi. Can you suggest some exercises for that, and explain how to perform them? | Any back exercise that targets lats would be preferable, but any back exercise with significant latissimus dorsi involvement might be okay. | I don't have any preferences for how I target them. Are you saying all the exercises you just mentioned are lat exercises? If so, can you explain how to do them? If not, can you suggest other exercises instead?	0
Could you give me some tips on training my dog how to use the bathroom on indoor pet pads? | When I'm doing this training process what should I do if the dog makes a mistake?	0
Is it true that if you lose any of your hearing, you can't get it back? | So there is no way to fix damage to nerves in our body? Or just auditory nerves?	0
How do you politely decline when people keep asking favors? | Like asking to what the dog or the kids.	0
I want to know about the computer language Java.	0
I like to host guests at my home from time to time, and I am gathering recipes of different dishes and drinks to keep things interesting. I am interested in trying some Indonesian dishes. Can you give me a recipe for Es-Teler?	0
Do they still build airplanes out of wood? | Aluminum is lighter than wood?	0
What should you do for knee arthritis pain? | Not much just trying to deal with it. | It hurts really bad when walking especially when walking steps.	0
What are some good clothes to wear to a semi formal dance?	0
Is it illegal to dig through dumpsters at businesses? | Texas has strange laws. I am in California. | I have found some good things in dumpsters before. I didn't know it was illegal.	0
Can you tell me how to get a pilot's license? | Is it different for a private pilot versus a commercial pilot?	0
How do I train my cat who is being bad? | My cat is being blatantly bad like jumping on the table and knocking over things.	0
What are some must have baking tools? | What are some other less thought about items that I might need?	0
How do you start a campfire? | That sounds pretty simple. Do I light it with a lighter?	0
Is it really necessary to baby proof the house? | Okay, so it is really useful.	0
What are some things I should bring on a day hike?	0
My family is renting a lake house for the first time this summer. What are some fun lake activities we can do together?	0
Do you have any suggestions for getting better at hitting home runs?	0
How can I avoid getting sick so much | How does sleep effect getting sick? | Okay thank you	0
which team won the most NBA championships? | most championships ever?	0
What is the process of making ice cream? | I want to know how to make soft serve ice cream at home. | I would like to start with making vanilla.	0
What is mono? | I thought it was a sickness?	0
Does becoming good at a programming language require a strong math foundation?	0
What benefits does banana provide for my health? | Amazing. Do you know of any alternatives to banana in terms of the nutrients it provides? | Thanks! Is there such as thing as overeating bananas?	0
Can you give me the lyrics to "Auld Lang Syne"? | Did you just made that up on the spot? It's kind of funny and impressive what AI can do these days. Not very helpful though. | No, that's okay. I only want the lyrics to Auld Lang Syne but it seems you have no intention to help so I'll just leave. See you.	0
Can you recommend an album to listen to? I like pop, rock, and country. | That's okay. Just recommend something similar to pop, rock or country. | Yes, please recommend something.	0
What is a good tea to go with an English Muffin? | That's a great idea! Which one do you prefer? | Okay, do you have any other tea that might work?	0
Why does greek yogurt have so much more protein than regular yogurt? | Yes, but why? What is the difference between greek and non-greek yogurt? | So this strain of bacteria and the fermentation process gives it more protein?	0
I'm going on a bird-watching walk for the first time. What should I bring with me?	0
How can I keep my passwords safe? | I don't want my accounts to get hacked. | Yes. How can we do that?	0
What are the origins of Christmas? | Who is Jesus?	0
How do I fry fish?	0
How do I cook a rare steak? | I'd like to cook a filet mom?	0
Best Angelina Jolie movies	0
Do doctors get PTSD from treating patients? | Yes. | Is it something medical professionals can get from treatment?	0
What's the difference between a light roast and other roasts of coffee? | Which roast blend would be best for a cappuccino?	0
Is sugar really that bad for you?	0
How do I create a scavenger hunt? | That doesn't make much sense. Any other advice? | Okay, that would be good.	0
Figure out what the top five spoken languages in the US are.	0
How do you adjust the video quality on YouTube? | I don't know what this "Prefs" tool is. There's no such option on YouTube. You can however press the settings icon(it looks like a cogwheel) and then select the video quality you want from the menu. That's it.	0
How do airplanes fly?	0
How do I find my measurements for a formal men's suit? | Okay. Cam you tell me the basic guidelines for finding my measurements?	0
What is Poshmark? | Can anyone join? | Is it only women's clothing?	0
How do I audition for a movie?	0
How do I know if my parent has dementia? | Any other advice?	0
How can I learn sign language? | How long would it take to learn to be fluent in sign language?	0
I want to plant squash in my garden this year. Do you know what the best season is to plant them in Maryland?	0
The Picture of Dorian Gray, by Oscar Wilde, has been a captivating tale. Some modern series, have remade the tale. I wonder if you know about it? | I only asked one question. Do you know what the ending of the book is? | That sounds about accurate. A recent series on Netflix, Penny Dreadful, actually we tells the tale.	0
How can I reduce food waste? | Do you have any advice? | So maybe only buy enough food so that it doesn't go bad in the fridge.	0
What are some fun back to school activities for the classroom? | All right, any other ideas?	0
What do I do about hay fever? | Any other ideas? | That link does not work.	0
I'm thinking about visiting Salem, Massachusetts. I am fascinated with the history of the Salem Witch Trials. What can you tell me about them? | What made the people suspect they were witches? | Why was this happening?	0
The play Wicked was really successful for a few years. What is the plot overall?	0
I'm curious to learn the history of photography. Can you provide information about when the camera was first invented? | That's amazing to think of. What was the reaction to it at the time? | That's surprising. I'd think there would have been a bit more hesitation. How many people were able to actually use it?	0
What is the most immersive open world RPG that is available for the ps4 right now?	0
can i keep a rat and guinea pig together? | I'm a human | No, I have a rat and a guinea pig	0
I don't feel like supporting my football team because they lost but I know I should. What should I do?	0
Can you describe the ways in which insomnia is treated? | How does CBT help with insomnia? First time hearing about that	0
I need to do a factory reset on the computer. Can you help me figure out the steps I must take? It's a Surface Go. | The computer is fine. I just want to go back to factory settings. | I'm not sure how to do that. Please do.	0
I wanna identify examples of how neuroethics applies to every day life. Do you have any examples? | Okay, that doesn't really touch upon what I said. I'll give you an example of how neuroethics is relevant to every day life. Defendants suffering from mental illness is something neuoethics applies to in the courtroom	0
Do Doctors get used to having patients die? | Does that make it hard for them to keep treating patients? | I can imagine it would be tough on a person!	0
Assistant, I am writing about culture and want to know what are the things that make up a culture? | Okay well what are those things? | Food is definitely a concept that makes up a culture! Any other ideas?	0
What is a good kids show for a 3 year old? | Just a show for my 3 year old to enjoy	0
What is the freezing point for seawater? | That's fair. Thanks for being honest and not waste my time. Bye.	0
How can I make vegan friendly bread?	0
I want to plan a Halloween party. Do you have any ideas? | An adult costume party sounds fun! | Something kind of short and easy. How should I decorate for a Halloween party?	0
Why did my dog throw up from the thanksgiving turkey | Good point. Ty for your help. ttyl	0
What are some scary movies about ghosts? | Yeah Poltergeists is a good one. | Okay, thanks.	0
Are Eskimos related to native americans? | How are they different?	0
How can I wipe fingerprints off my tv screen without scratching or damaging the screen? | I am wiping a childs hand prints from my tv. I had a nephew that came over and touched my tv with his sticky hands. | I would want my screen to be left clean and smudge free. I do not think it is real glass.	0
How do I fix a small hole in drywall? | Just a standard wall. How would I fix in a hole in a wall. | How do I patch it?	0
Who is Barak Obama? | Was he the first African American president? | How many terms did he serve?	0
How do I avoid carpal tunnel? | What if my job is to type all day? How do I prevent carpal tunnel then?	0
Can you explain the different parts of the human eye for me? | I'd just like a basic list of the main parts. | What are the cones and rods in the eye?	0
Can you give me a few joke examples that would be appropriate at work? | I work in an office and the jokes can't be offensive to anyone. | I don't want a Dilbert comic strip. I want joke examples. For example, some jokes start with "Why did the chicken cross the road?" or "A horse walked into a bar."	0
What is the best active quarterback right now? | Do you really thinkso? | Oh. I am sure he has some records, but the best one playing right now? What about Brady?	0
What are the best ways to prepare for a marathon? I run several 10 K races in the past, but a Marathon seem intimidating. | It seems that a slow pace is a good choice. | Maybe someday. There's been a few events where people were harmed at marathons, so I want to be wise and focus.	0
What can I use to give myself a homemade tattoo? | What can I use instead if I don't want to use a needle for a tattoo?	0
Can you tell me 3 unusual world records?	0
Who is the CEO of Google? | You are wrong. The current CEO is Sundar Pichai. | Glad you finally agree with me. Sergey Brin is the co-founder of Google.	0
Have you heard a song name "Shallow"? | It was sung by Lady Gaga, not Alicia Keys. | But I want to talk about the song Shallow, the one that was written for the movie Star Is Born.	0
Are Chromebooks a good first choice for kids? | I don't think the second statement you made is right. | I don't see anything.	0
I like to host guests at my home from time to time, and I am gathering recipes of different dishes and drinks to keep things interesting. I am interested in trying some Honduran dishes. Can you give me a recipe for Macheteadas? | Macheteadas are actually a fried dough dessert. | No, why is it called a Macheteada?	0
How can I teach my child basic math?	0
How do you choose a sunscreen? | A sunscreen for your skin. How do you choose one? | Is there a certain one you should choose?	0
What should you eat after getting a tooth pulled?	0
Can you explain to me what sous vide cooking is? | Ohhh, interesting. So say you cook a steak by sous vide versus traditionally cooked? What differences will take place?	0
If I was to ever take the Covid vaccine, which one should I take?	0
What exactly is the frost line?	0
How can I pretreat clothes for stains? | Yes, laundry detergent doesn't work.	0
What are some good cyberpunk games for the Oculus?	0
How does discord work? | So basically you want to listen to other people? | No not really. I just wanted to understand it.	0
I am taking a psychology class, and I have a hard time understanding the Pavlov Dog experiment. Can you explain it to me? | So the experiment was related to human conditioning? | What was the point of the experiment?	0
How do I learn to roller blade? | I don't know how to rollerblade whatsoever.	0
Who was the first president of the United States?	0
How do I teach my kids how to surf? | Yes, how do I start?	0
How strong is titanium?	0
I wanted to buy a new clock for my bedroom wall. What are some of the most popular clocks?	0
Search mushroom quiche recipe	0
What is a good way to tell someone to be more rational and less emotional without sounding condescending?	0
Can you give me a list of oil with high smoke point? | I meant cooking oil only. List cooking oil with high smoke point. | Sunflower oil is the only correct answer on that list. Olive and canola are middle for pack. Some examples of cooking oil with high smoke point are safflower, avocado, butter, and beef tallow.	0
DO astronauts experience any problems later in life from their time in space? | Is there a way we could make the spaceships more radiation proof for the people inside? | So radiation proofing is too heavy to make it possible?	0
What vaccines are typically recommended or required for traveling to East African countries? | What country's in Africa recommend the yellow fever vaccine? | Okay are there any other vaccine recommendations for the region for travelers?	0
Who is Dr. Anthony Fauci? | What college did he attend?	0
How can I repair a broken laptop screen?	0
What is the most difficult vegetable to grow?	0
What are some of the ingredients in Tortilla Soup? | What kind of cuisine is Tortilla Soup? | Is it spicy? What herbs or spices are in Tortilla Soup?	0
How do you win playing Monopoly? | My friends who always win. | No, Monopoly is our favorite. I just want to win for once.	0
What is an easy casserole recipe that I can make for dinner? | Simple Casserole Recipes | I have heard about a casserole with chicken, broccoli, rice, and cheese. Thanks for all of the ideas.	0
What kind of supplies should I make sure I have for a long hike?	0
How do I write an effective term paper for a college class? | Great. I understand that portion. I have a topic picked out but need help arranging my thoughts and need a simple template to follow as well.	0
How do you use a bench vise to hold things in place?	0
How can I get my cat to stop begging for so much food? | Yeah it's getting to be a problem I think because my room mate feeds the cat too much and they're getting fat. | You're right, this isn't a cat begging problem, this is a room mate problem.	0
On average, I wonder how many people in the United States, believe in a supreme being? Or on average, how much of the general population is atheist? | That's a good awareness. Much like the number of rapes that women experience culturally, is also under reported, due to judgment and shame issues with society. Getting back to agnosticism, I think there's a large percentage of culture, that is undecided and perhaps resistant to surveys. Sounds like the majority do believe in some form of supreme being overall? | Do you believe in a supreme being?	0
Can you tell me how to find out if I can burn debris in my yard? | Okay. I mean that i want to find out if my local government allows me to burn yard waste like leaves. | I mean are there government regulations for me to burn landscaping cuttings in my yard?	0
Can I exercise if I am pregnant? | I am in my first trimester of pregnancy and I have always lived a very healthy, active lifestyle. | What forms of exercise should I avoid during my pregnancy? Are there any exercises that could harm my baby?	0
How can I feed squirrels and make more come to my home? | What foods can you put in a squirrel feeder? | Can I use corn?	0
What are some good pizza chains? | Yes	0
I like to host guests at my home from time to time, and I am gathering recipes of different dishes and drinks to keep things interesting. I am interested in trying some Lativian dishes. Can you give me a recipe for Rupjmaize?	0
What are some different types of foods that I can put in a dehydrator? | Yes, and your favorite foods to put in them are....?	0
How do I make a mug cake? | I want to make a cake in a mug.	0
what are some things i can cut out of my budget so that i can save for a trip?	0
When can I see Northern Lights in Alaska? | Can you see it everyday if it is not cloudy? | Can you suggest special areas in Alaska where I can see the Northern lights?	0
Has COVID-19 affected immigration into the United States?	0
Find Def Leppard songs | Do you have any songs for me?	0
I am writing a report on bees for school, can you tell me how they make honey? | How do the bees make the nectar that they turn into honey? | Do all types of bees make honey?	0
Can you help me learn how to make a strudel from scratch? | Sounds delicious, can you tell me how to make them? | How many strudels does this recipe make?	0
I like to host guests at my home from time to time, and I am gathering recipes of different dishes and drinks to keep things interesting. I am interested in trying some Saudi dishes. Can you give me a recipe for Hininy? | Yes, I am.	0
My friend is part of a multilevel marketing scheme, but I've heard they're bad. Why are they bad? | Yes, I'd love more details	0
Find Michael Jackson songs | I like You Are Not Alone and Dangerous. They are pretty cool. | Thriller is pretty cool.	0
Are plastic bags or reusable bags better? | So which do you think I should use?	0
I want to teach my dog a new trick, could you give me some tips on how I could teach him how to spin? | What can I do if they won't spin even after trying this? | Once my dog has learned the trick will he be able to perform it without giving him a treat?	0
I'm wanting to grow peas in my garden this year, do you know what the best time would be to plant them in Maryland? | What about starting in the spring? I'm going to be planting other vegetables around that time. | How long do they need to grow before harvest time?	0
I want to invest in DoorDash Inc. stock. Is it too late? | When did it go public? | It went public already. The ticker symbol is DASH. When did it go public?	0
How can I train myself to be a more focused person? | Which techniques have proven to be most helpful in improving focus?	0
How dangerous are pitbulls compared to other dogs? I hear stories about them attacking people all the time. | Well, some of them are gentle. But I think pitbulls attack people more than any other breed of dog.	0
Do you know any jokes that are suitable for kids?	0
What does LTE mean? | It is still in use today? | Will 5g replace it eventually?	0
When were the first candles made? | what were they made from? | what are they made of today?	0
Does instant noodles really cause cancer? | Really? But I've been told the claim that instant noodles contain a wax coating that can cause cancer is false based on a particular research. There is no evidence that carcinogenic wax is present in instant noodles. Many noodle companies and fact-checkers have also stated throughout the years that it is a myth. | I'm not sure how you're able to read about this, but I understand where you're coming from. Follow-up question then: Is it unhealthy to regularly eat instant noodles every day?	0
What is the worst prison in the US to be sentenced time to? | San Quentin is a terrible place to serve time?	0
What is Zumba? | Can anyone do it or do you have to be really fit? | Is it fun?	0
What is a good breakfast burrito?	0
What are the side effects for COVID vaccine? | Can the vaccine make you sterile? | How long do I have to wait before getting my vaccine second shot?	0
Is it okay to drink diet coke everyday? | I have diabetes type 2. Diet coke has no sugar. So, I think drinking it will not interfere with my diabetes type 2. | How about if I drink one can only daily? Will it still be bad?	0
How do I tie a fishing hook on a line?	0
Can you recommend a good soundtrack? I want to listen to something from a movie or show. | Thank you for these recommendations.	0
Is meat harmful or helpful to health?	0
How do I clean up after my goats?	0
What is involved in a pap smear?	0
What are perogies? | What's in them?	0
Why do dogs act like they are always hungery?	0
I was thinking about getting an Electric Car, but I am worried about how long they take to charge the batteries. Do you know anything about this? | That would make going on long drives problematic.	0
How can I stop my dog from eating poop? | I heard that there was a product sold to prevent that	0
How can I become a better cook? | Something I can read to help me be a better cook | I want to make fancier dishes	0
Should you feed the wild deer? | Do you think they are hungry? | I can buy food at the store. Can the deer's find enough in the wild?	0
What are s'mores?	0
I have a camping trip coming up and am very worried about getting poison ivy. Can you list me the defining characteristics of this plant?	0
What caliber gun is attributed to most most fatalities in the USA? | So handguns. Of what caliber? | That sounds wrong.	0
How do I choose the right paint color for my house? | Should I use a dark or lighter paint color? | Okay I won't go too bright or too dark. I'm still not sure on the exact color that I want. It will take me a while to decide.	0
Which company developed the rpg Kingdom Hearts? | that's not helpful please tell me the name of the company. | That's not true.	0
I am taking a psychology class, and I have a hard time understanding the Pavlov Dog experiment. Can you explain it to me? | So the experiment was related to human conditioning? | What was the point of the experiment?	0
What are some good Mexican beers? | I don't mind either way. | Shiner Bock seems to be from Texas.	0
Who were the characters on Scooby Doo? | I thought Scooby was the dog? I did not know Daphne was married. Are you sure. I think you are wrong.	0
Can you list some examples of chemical reaction?	0
How do I make a mango smoothie? | Do I have to peel it?	0
Should you carry tools in the car in case of an emergency? | Should I take some with me? | Ok thank you.	0
How do I take care of a palm tree? | that's what i said | How do I help it grow taller?	0
How does home insurance work? | Do insurance companies want to have less claims so they keep more money? | Can you tell me what a home insurance business model looks like?	0
Do wireless headphones have lower sound quality than wired headphones? | I know it depends on a lot of different factors, but on average bluetooth sound quality will be worse than using a wired connection, right?	0
Are potatoes ok to eat if you are diabetic?	0
Can you tell me some musical artists similar to the Foo Fighters?	0
How do I take on more responsibility at work? | I could be more visible and seem more knowledgeable around coworkers and my manager. | I'll help my coworkers more often and I'll ask my boss if they have any additional projects that I can work on.	0
I'm trying to do a load of laundry for the first time. What are the steps I need to know to do my laundry? | Thank you! How much detergent should I use? | Is there any labels on the detergent bottle to let me know how much to use?	0
Can you tell me what are ways to console someone who has just lost their job?	0
I had a fight with a friend and now they wont talk to me at all, any advice you can give me? | I borrowed some money, and have paid him back but now he is asking for more and we had a big argument about it. Now he wont pick up my calls or answer my messages and I dont know what to do, he has been a good friend for a long time so I dont want to lose him as a friend | That isn't relevant now as it isnt about the money	0
I'm trying to learn more about the country of Kenya.	0
Are there any good tourist attractions in Boston, MA.? | What did you find?	0
What kind of paint should I use to paint the interior of a home?	0
Can you explain the differences between gas and induction stoves?	0
What do use microfiber clothes for? | Ok so you don't really know?	0
What was the first culture to discover wheat as a food? | It must have been a real leap in people's diets. | It seems like such a leap to figure out how to grow wheat.	0
How does rinse aid in a dishwasher work? | What happens to the residual foam? | But my dishwasher is in my kitchen not a hotel	0
Does fish oil have any benefits?	0
What are some ways that I can get smoother skin? | What is rosewater? | How much water should I try drinking for smoother skin?	0
Hi, I'd like to build up my biceps. Can you suggest some exercises to do that, and describe how they're performed? | Okay, when I'm lifting the dumbbells, do I keep my palms facing inwards? Also, why will they end up higher when I lower them down than when I raised them up? I'd think they would be in the same position. | All right. Any other exercises you could recommend other than biceps curls?	0
Animal Farm by Orwell, was quite a dark tale. I'm curious about how the author came up with the book. | It is a powerful tale, and a bit like 1984, another novel by the same author, at least thematically. | I have often wondered of the fears regarding socialism and communism. Many times, it seems a bit of a red herring, argumentatively.	0
What are some interesting toppings for burgers? | Yeah, well anything you can think of. | That sounds gross.	0
I smelled something really bad today. What makes skunks smell the way they do? | Umm. no. What is a scent gland? | Well. It is pretty bad. How do you get rid of the smell if it gets on something or somebody?	0
how can i learn to be a mime? | That is pretty much the same. | I don't think it requires education. training, maybe	0
Please tell me about Thanksgiving Day and the history behind it? | Why is it called "turkey day"? | Is the holiday celebrated in the United States only?	0
I'm having some issues with my pet cat, do you think you can provide me assistance? | My cat keeps peeing outside of the litter box even when it's clean. | The cat box is cleaned twice a day so I don't think that's the issue. Can there be any other causes?	0
What is the most successful American actor of all time?	0
Who will probably win the Super Bowl this year | I meant this year's Super Bowl	0
I'm building a shed in my backyard and I'm looking into the strongest wood I can buy. Spare no expense. What wood should I be looking at?	0
Why do people believe in religion? | But it's so illogical. | But these people say "have faith" and ignore that all their rights are being taken away by the government.	0
How do I fly a kite? | Okay now that I know about the makeup of a kite, how do I fly it? Do I need a lot of wind? | How high can kites go in the air?	0
Can you explain to me the effect catnip has on cats? Why do they get crazy when they sniff it?	0
How can I learn to cross stitch?	0
What things do I need to have a poker game at my house? | Have a party and play poker with friends at my house. I already have a deck of cards and poker chips. | Yes that is correct.	0
How do I stop a two year old from biting her friends? | any other advice? | ok, that sounds good. what other advice do you have?	0
Is it ok for kids' teeth for them to eat candy? | Okay I'll do that.	0
How do I get certified in food preparation?	0
Garden snails seem to be intelligent. What is their intelligence level?	0
How can I discover new music? | That's a good idea. Any other advice? | That sounds good.	0
What software should I use for editing videos?	0
How can I exercise more when working at a desk?	0
How should I keep my kitchen clean? | Any other advice? | All right, thanks.	0
What is ballet? | I have never seen any Ballet performance.	0
How come I always cut myself when I shave?	0
Reba McEntire has a great voice. Wonder what a few of her songs, which were popular?	0
A friend returned from a vacation in Italy a while back. She had all kinds of artisan glass. Does Italy have a specialty in glass art?	0
Can you explain how curbside pick up work?	0
Who is Anais Mitchell? | She is, I think she is 40 is that correct? | What are her most well known albums?	0
What is the holiday celebrated on December 5th? | I don't think that's right. I think Festivus is celebrated on a different date. Is that true? | That is correct. What holiday is celebrated on December 5th?	0
I'm going to France and want to learn some dessert-related words in French.	0
My friend is pregnant with twins and is having a baby shower. What would be a good gift idea?	0
Can you hep me with a cocktail recipe that contains coffee? | Just any that has a coffee flavor to it | Okay what is the difference between those two?	0
How do you clean the dryer vent?	0
I want to dress up as a clown for Halloween. What do I need for my costume? | That all sounds good. | Should I carry any props?	0
I get really bad menstrual cramps. What are some ways to relieve the pain and discomfort? | Are there any exercises I can do to help? | What yoga poses are good for cramps?	0
Can you tell me why my plant is dying? | I think I watered it too much.	0
Should I feed a stray dog or call the SPCA? | Do you have any suggestions? | I don't have space for a dog and don't have time.	0
What can be done for people who have frequent night sweats?	0
How are dread locks braided?	0
I'm curious, in cold weather, which fabric keeps you warmer? Wool, polyester? | Polyester can be great, although sometimes it doesn't breathe very well. You did mention having a blend. | I have yet to get fabric that has bamboo in it. Is that a newer technology?	0
Why are soufflés so difficult to get right?	0
Can you tell me how vending machines work?	0
What are some good power tools to add to my collection? | Yeah, those sound good!	0
What date did WWII start?	0
What is the name of the majority leader of the Senate of the United States? | No, he is the minority leader. Do you want me to research who the majority leader is?	0
What's a good book to read to my 3 year old? | any other books?	0
what are some ways to prepare salmon? | Can I use something besides canned salmon? | Okay, can you tell me anything else?	0
How do you draw a horse? | The video is no longer available. | It is not working.	0
How can I find out about my ancestors? | Aren't there programs or services that allow you to trace your ancestry? I don't know how they work, but I'd like to.	0
When did McDonald's open?	0
How do I enroll my child in private school?	0
What are some sweet treats I can make with my grilled cheese maker? | That doesn't work.	0
I like to host guests at my home from time to time, and I am gathering recipes of different dishes and drinks to keep things interesting. I am interested in trying some Irish dishes. Can you give me a recipe Irish Soda Bread? | I see a glaring problem with your recipe. I asked for a recipe for Soda Bread which using baking soda as a replacement for yeast. In your recipe that you just listed you have baking powder. This can not be the right recipe.	0
I need a corn dog recipe. | There's no hamburger in corn dog. Do you even know what corn dog is?	0
What are the health benefits of getting sun? | I'd rather just get information from you. For example, you mentioned vitamin D. How do you get vitamin D from the sun? | Are there any ways to get vitamin D other than sun exposure?	0
What are some of the best Pixar movies? | Can you tell me more about Monsters Inc.?	0
Can you give me a suggestion for fun family holiday activities? | Those are fun, but I'm looking for something more festive, maybe holiday or Christmas themed | Yes. A group activity with kids	0
How can I live without social media? | What should I do if I get the urge to check Instagram or Twitter? | That sounds like good advice.	0
How do I know when a kid needs new shoes? | Just tell me in general	0
What are some good flavored beers?	0
Can you give me one or two songs that were popular by Amy Winehouse?	0
Can you describe what happens when negative numbers are multipled | What happens if a negative number multiples another negative number | I'm asking the rules of multiplying two negative numbers	0
I'm trying to plan a wedding but I don't know where to have it. What would be a good location? | Wow, that's almost too many options. How do I decide? | I think a beach wedding would be nice. What are the best locations for a beach wedding?	0
How do I live a more sustainable lifestyle?	0
Should I go to Disneyland or California Adventure? | But which should I visit? | Which would I have the most fun at?	0
How do I make clam chowder?	0
Do Doctors get used to having patients die?	0
Which foods should I eat to improve digestion? | No, I don't have any food allergies or anything.	0
How do I get my boss at work to like me? | Yes. My supervisor at work. | All of the above. Get him to notice me, like me, appreciate me, and maybe give me a raise or promotion	0
What is the brand of the most popular chocolate in the United States?	0
Alanis Morissette is pretty talented. What is her career background? | That sounds about right. She also had several concerts. With mosh pits, even. | You may be right. I actually was in one of those mosh pits. She was great!	0
How can I make a basketball hoop? | One so I could play basketball, but I don't have an actual hoop.	0
What should I wear to a graduation?	0
I'm trying to learn more about penguins, can you provide me some general information about them? | What regions of the world can they be found? | Do they all eat the same kind of foods?	0
How do I put a baby to sleep who is agitated but just won't fall asleep?	0
I overheard the term "Schrodinger's cat" being used and I'm not sure I know what it is. Can you explain it to me?	0
How do I test my well water? | Just the regular tests to make sure it is safe to drink. | Yes I would	0
What are some things that I can add to a healthy smoothie? | Yeah I would like protein in my smoothie, but I still want it to taste good.	0
What is the turkey hotline?	0
How do you take a screenshot on an Android phone?	0
How do I make a bonfire in my backyard? | What are the best types of wood to burn for a bonfire?	0
Can you take your blood pressure at home? | Are the blood pressure cuffs accurate? | I think I may give it a try. Thank you.	0
How can I take care of a butterfly with a broken wing?	0
In a list using semicolons, is there a semicolon before the word 'and'? | So is this grammatically correct? I like roses; I eat food; and I am a human. | Are you sure this sentence is grammatically correct? In that case, the semicolon after 'food' seems misplaced.	0
My friend's mother just died. How can I support her through her grief?	0
What are some lightbulb colors that do not attract bugs? | lamps, lightbulbs. i always get bugs coming to them especially outside. | Anything else?	0
What do I do if my stomach hurts? | It hurts but I have no diarrhea | Okay, I just have a heating pad on myself. What else can I do?	0
I have a bit of a buzzing or rattling noise that come from the inside of my car's dash when I do not have the accelerator pedal engaged. It is typically when the automatic transmission is in a lower gear 1-3.......and it comes and goes. Any ideas on the cause? This is a tough one.	0
I'm tired of making the same few meals for dinner each night. How can I add variety to my meal plans?	0
What are some fun activities to do in the snow? | I haven't been sledding in a long time. I'll probably do that. | No, I don't need anymore advice. Your list of activities to do was good enough for me.	0
How can I lose 50 lbs. in a year? | What do you mean you can't? I think it's possible.	0
What is a good stocking stuffer	0
Is horseback riding a good activity for kids? | I don't know if I should take the kids horseback riding or not? | There are lots of other options.	0
How do you get a lyft? | Is it safe?	0
I’m trying to write an apology letter | Yes | I’m apologizing for being rude and losing my temper	0
What are some ways to clean hands without water? | You mean liquid soap?	0
I like to game on the PC, but my wrist hurts after a while. Any suggestions on how to get past that? | I usually enjoy RTS or fighting games. Which means I end up being in longer sessions without breaks. Do you have any arm positions I could use to keep my arm in a proper spot without hurting it?	0
Can you give me instruction for waxing a car? | I mean what are the directions for applying wax to a recently washed vehicle? | Okay. What is the best tool for applying the wax to the car?	0
Which animal count as a member of the "big cat" family?	0
What are some good flavoring for fried chicken? | Sounds really good. Any other ideas? | Sounds good!	0
When I cook chicken wings, it hardly retains the flavor. Can you help me figure out why that is? | I would say it happens every time I cook, | I stick the chicken wings in the oven, and they're marinated. However, when I eat them, they're hardly flavorful. A slight flavor of the marinade is on the,	0
What are the benefits of reading the Bible? | Why? What benefits does it bring?	0
I need a movie recommendation | A romantic comedy to watch with my girlfriend	0
what is the worlds record for the long jump | what is the worlds record for a high jump	0
How do you test for proper tension on a car's serpentine belt?	0
what are some safety tips for lifting weights?	0
Do you know the main ingredients for a crunchy dragon sushi roll? | That's not right at all	0
How can you donate food to help people this Thanksgiving? | Yes what should I do? | Ok that sounds good.	0
Can you tell me how calories are measured? | But how do we know how many calories are in food?	0
how do i have a good handshake? | like a formal handshake | oh, firmly with eye contact sounds great.	0
Can you help me prepare for an earthquake? | What do I need to be prepared with in the event of an earthquake | Okay, so those are some things I would need, food, water flashlights and batteries. What kind of food?	0
How do you create a writing portfolio? | I am trying to put together a portfolio with samples of my writing. | So the writing sample should be no longer than a page?	0
Can you recommend some singers or bands that are similar to Orville Peck? | Carrie Underwood is alright, but I'd like something a bit different? Are there any older country singers that are like Orville Peck? | I think Johnny Cash and George Jones are good choices? Are there any more like them?	0
Someone gave me a bamboo plant as a gift. How do I take care of it? | Those are some great tips. The potter is filled with rocks instead of dirt. Do they not need soil? | Is it possible to give the plant too much water?	0
I want to buy a sports car. Which ones are the best? | Up to about $70000	0
What year did George W. Bush become president of the Untied States? | Which president number was George W. Bush for the United States?	0
I make a comfortable living and don't really have money troubles, but I still would like to have better control of my finances. I seem to go through money pretty quickly and despite wanting to, I can't get into the habit of regularly putting money away for a rainy day. I am terrible at saving, but great at spending! | I want to improve my record-keeping. I frequently look back over several days and wonder where my money went. Often I can't even recall where that $200 that I had in my wallet ended up going. I want to get a handle on that, most of all. | Yes, I want to get into the habit of regularly contributing to my savings account without feeling like I'm depriving myself of my own cash or denying myself the ability to enjoy what I earn. I know I make enough to save a portion of it, but it's hard to be disciplined about it.	0
Can you help me to learn a little bit about vertigo? | What are the symptoms of vertigo? | Can vertigo be cured?	0
What are some mid range hotel chains? | mid range prices that are above the standards of a low budget hotel | those are all accor. anything else?	0
I | I'm sorry. I accidentally hit enter. I'm trying to find out how to report a doggy daycare for neglect	0
How do you stay on task at work?	0
What are some good games for babies like peek a boo?	0
What exactly is the frost line? | What temperature would it freeze at? | What air temperature would it freeze at?	0
what are some easy fish to keep in a fish tank? | are most of these low maintenance? | will my 10 year old be able to care for a fish tank without adult supervision?	0
Would you be able to explain the differences between the Spanish and Italian language? | I'm thinking between the Spanish spoken in Mexico and Italian spoken in Italy.	0
How can I feed squirrels and make more come to my home?	0
Hi, I recently took the SAT and got a very high score, but that's not good enough, I would like to try to get a perfect score. How can I do that? | I've mostly just taken practice tests that have similar questions to the SAT, and tried to study the material related to any questions that I missed. Do you have any other ideas about how I could approach this? | Sure, go ahead.	0
How can I negotiate at a pawn shop?	0
I need some advice. My cat excessively begs for food. We took her to the vet and she is in good health. She is 17 years old. Her meows get louder and louder and more frequent. They begin moments after she has finished her food.	0
Can you explain how the mitochondria is the powerhouse of the cell? | Interesting. What happens if some of the mitochondria fail to do their job?	0
What are the new tv series for fall 2021? | Tv series that debut in the fall season | What is “The Great”?	0
How can I make a good sandcastle?	0
What's the best place to visit along the U.S coastline in the winter? I'd like to experience lots of snow, if possible. | Sounds great! Is that kind of like Portland and Vancouver area? | Okay. That sounds like a plan. What's the climate like there in winter?	0
I am writing a paper and I need it to include words descriptive of nature	0
Should you moisturize your face everyday? | What is Zoltan?	0
Hi, I'd like to do one armed pull ups, but I'm not strong enough yet, though I can do regular pull ups. Can you suggest any exercises I might use to build my strength towards doing a one armed pull up, or ways of assisting me to do one armed pull ups, so that I can work towards an unassisted one? | How would I use a band to help me do the pull up. And, what's an 'Assistive Device' for pull ups? Also, what's the "One-Armed Pull Up Training System?" And this guide you mentioned, can you link to it or paste its contents here?	0
I'm taking a trip to Seattle. Can you tell me some attractions or landmarks to check out? | I've never been there and don't know anything. Where's a good shopping or dining district? | That sounds good. What kind of food or drink is Seattle known for?	0
What things should I know for surviving in the wilderness? | I will explore my environment and see what is around me. After that, I will have to try to find a water source and quickly build a shelter.	0
How do I teach a child to brush their own teeth? | 6 | I do it for them.	0
What month is the US Open played in? | I just wanted to be sure not to miss it.	0
I want to put together a classic Italian dinner. What types of dishes should I include? | Those were all good suggestions. What types of appetizers would be at an Italian dinner? | You mentioned a traditional Italian salad. What would be on this salad?	0
I'd like to dye my hair fun colors, but I don't know what I need to buy to dye my hair safely. What tools or products do I need? | Do I need any special hair cutting or styling tools in addition to the dye?	0
How do you unpack a compressed file? | I hadn't say anything about what format. Please don't make assumption. For this scenario let's pretend I need to unpack a zip file.	0
What should you do if you think the kids have lice? | Is there an at home treatment? | Ok thank you.	0
What are the common side effects after receiving a flu vaccine? | Do most people get side effects?	0
Can you help me find Bill Murray movies?	0
How do I paint my face like a clown?	0
is using a vpn beneficial? | Isn't a vpn good for people who already know the layers of risk, too? | okay, any other thoughts?	0
How can I safely dumpster dive? | Why not?	0
How come so many books seem to be "New York Time best sellers"? How can so many books be best sellers? | Okay, let me put it another way. What's the criteria for a NYT best seller? How many does it have to sell?	0
How can I stay cool in the summer? | How much water should I drink to stay hydrated? | Thanks for this information.	0
Can you tell me instructions for washing leather gloves? | I want to wash them in a washing machine, or by hand with water.	0
I need to book a trip to cancun | We are gone from Dec 5 to the 12th and are flying from Nashville | ok	0
Hey, if I have twelve pieces of fruit, made up of apples and oranges, and three of them are apples, how many oranges do I have?	0
I'm going to Iceland. Can you help me learn a few common phrases?	0
What is a root canal? | Do root canals ever fail? | How have root canals changed since they were invented?	0
christmas is coming up and i need to buy my mum something as a present. She likes clothes, furniture, and cooking. What should I buy her? | Yes Christmas is an event in December. I need to buy my mum something. Any suggestions? | I am asking what do you think is a nice gift to buy my mum for Christmas, yes	0
I haven't been feeling well lately. What's the fastest way to treat a cold?	0
should I see my doctor for my foot | It hurts sometimes and it looks like its changing shape.	0
I would like to learn some new crafts. Do you have any suggestions for crafts that are easy for beginners? | That sounds good! What's a good sewing project for beginners? | Those are nice suggestions. What materials should I get for sewing?	0
I have been having trouble sleeping lately. Do you have any advice to help me? | Sure, I'd really like some advice.	0
Find Burt Reynolds movies	0
What is Sezzle? | I thought it was some kind of payment thing? | Ok maybe I am mistaken.	0
what are romantic things to do in the outdoors?	0
Can you tell me if Gypsy Moths are native to North America? | Do you know which area they originated from?	0
What minerals are closest to the Earths core? | Sure!	0
Hi, I'm in the mood for lobster bisque. Can you give me a recipe for that?	0
We are getting a pet ferret soon and would like some information about them. | How long do they usually live? | Do pet ferrets do well one their own or should they have a companion?	0
Is Alkaline water better for you?	0
Is a gold or silver necklace better for a gift? | I am looking to give a gift to a graduate and was wondering if gold or silver is better? | That is kind of true you do see a lot of males wearing gold.	0
What are good cheeses for red wine?	0
What is considered the most effective form of birth control, commercially available? It seems that birth control pills, condoms, vasectomies, are tops in the list. | Abstinence is a great option. Although we do need more equitable options when it comes to long-term birth control. And male condoms work just fine. I wish they would get better technology for female condoms that were effective. And not so costly. They call that the "pink tax." | Aids, and stds, are a huge factor. It'd be nice if there were more effective methods for covering the surface area around genitals. Commonly this is where other STDs will be seen.	0
Is it possible to go from black hair to blonde hair with hair dye?	0
I want to tell my therapist I’m thankful for her help. What should I say? | An ongoing relationship | She has given me specific evidence based suggestions for how to manage my anxiety	0
How do I cut a baby's toenails? | Just regular nail clippers for adults?	0
I want to harvest coffee beans to make my own coffee. | Yes, I don't know where, can you help me?	0
What is the main reason that people get divorced? | So I guess there can be a lot of reasons. But communication seems a high one, huh?	0
Is there any difference between green tea and black tea besides taste and look?	0
How do I know if I have termites? | Okay, any other advice? | Okay, I'll look it up.	0
What should I consider when choosing a gym? | get fitter	0
How do you solder two wires together?	0
I'd like to make chicken noodle soup. I've never done it before. Can you help? | Yes,' | Okay, I've got all those. What now?	0
How do I learn to do club dances?	0
How do I make a balloon arch? | Isn't there an easier way?	0
What are some good recent vampire movies? | sure | Tell me more about From Dusk till Dawn	0
